"name","name_cbs2","pos","team_cbs2","positionRank_cbs2","overallRank_cbs2","passAtt_cbs2","passComp_cbs2","passYds_cbs2","passTds_cbs2","passInt_cbs2","passCompPct_cbs2","passYdsPerAtt_cbs2","rushAtt_cbs2","rushYds_cbs2","rushYdsPerAtt_cbs2","rushTds_cbs2","rec_cbs2","recYds_cbs2","recYdsPerRec_cbs2","recTds_cbs2","twoPts_cbs2","fumbles_cbs2","pts_cbs2"
"PEYTONMANNING","Peyton Manning","QB","DEN",1,1,630,424,5457,44,14,67.3,8.7,15,0,0,0,NA,NA,NA,NA,NA,3,440
"DREWBREES","Drew Brees","QB","NO",2,2,633,421,5168,41,16,66.5,8.2,30,57,1.9,0,NA,NA,NA,NA,NA,2,410
"AARONRODGERS","Aaron Rodgers","QB","GB",3,3,564,378,4964,36,8,67,8.8,45,187,4.2,2,NA,NA,NA,NA,NA,3,408
"MATTHEWSTAFFORD","Matthew Stafford","QB","DET",4,4,637,408,5207,38,19,64.1,8.2,32,70,2.2,0,NA,NA,NA,NA,NA,3,388
"COLINKAEPERNICK","Colin Kaepernick","QB","SF",5,5,550,348,4326,29,10,63.3,7.9,87,461,5.3,4,NA,NA,NA,NA,NA,2,375
"NICKFOLES","Nick Foles","QB","PHI",6,6,612,399,4870,32,15,65.2,8,58,199,3.4,1,NA,NA,NA,NA,NA,3,362
"TOMBRADY","Tom Brady","QB","NE",7,7,644,412,4877,34,15,64,7.6,31,42,1.4,1,NA,NA,NA,NA,NA,4,361
"MATTRYAN","Matt Ryan","QB","ATL",8,8,635,407,4781,30,14,64.1,7.5,21,54,2.6,1,NA,NA,NA,NA,NA,3,336
"TONYROMO","Tony Romo","QB","DAL",9,9,631,397,4582,33,16,62.9,7.3,26,50,1.9,0,NA,NA,NA,NA,NA,4,335
"ANDREWLUCK","Andrew Luck","QB","IND",10,10,551,346,4279,27,15,62.8,7.8,60,292,4.9,3,NA,NA,NA,NA,NA,2,329
"JAYCUTLER","Jay Cutler","QB","CHI",11,11,544,341,4102,31,14,62.7,7.5,21,86,4.1,2,NA,NA,NA,NA,NA,3,326
"ROBERTGRIFFIN","Robert Griffin III","QB","WAS",12,12,553,336,4230,25,16,60.8,7.6,78,406,5.2,3,NA,NA,NA,NA,NA,3,324
"PHILIPRIVERS","Philip Rivers","QB","SD",13,13,587,389,4766,30,17,66.3,8.1,31,68,2.2,0,NA,NA,NA,NA,NA,4,322
"BENROETHLISBERGER","Ben Roethlisberger","QB","PIT",14,14,626,400,4641,30,17,63.9,7.4,32,91,2.8,0,NA,NA,NA,NA,NA,3,321
"CAMNEWTON","Cam Newton","QB","CAR",15,15,526,316,3840,24,15,60.1,7.3,95,445,4.7,5,NA,NA,NA,NA,NA,4,317
"CARSONPALMER","Carson Palmer","QB","ARI",16,16,568,356,4522,33,25,62.7,8,25,8,0.3,0,NA,NA,NA,NA,NA,4,314
"SAMBRADFORD","Sam Bradford","QB","STL",17,17,515,318,3794,30,13,61.7,7.4,34,111,3.3,1,NA,NA,NA,NA,NA,2,304
"RUSSELLWILSON","Russell Wilson","QB","SEA",18,18,484,304,3955,26,16,62.8,8.2,81,328,4,2,NA,NA,NA,NA,NA,4,302
"ANDYDALTON","Andy Dalton","QB","CIN",19,19,534,336,3878,29,16,62.9,7.3,57,161,2.8,1,NA,NA,NA,NA,NA,3,297
"RYANTANNEHILL","Ryan Tannehill","QB","MIA",20,20,622,382,4584,22,18,61.4,7.4,58,274,4.7,2,NA,NA,NA,NA,NA,4,295
"ALEXSMITH","Alex Smith","QB","KC",21,21,551,332,3829,21,10,60.3,6.9,56,235,4.2,2,NA,NA,NA,NA,NA,3,272
"JOSHMCCOWN","Josh McCown","QB","TB",22,22,511,318,3541,27,14,62.2,6.9,32,61,1.9,1,NA,NA,NA,NA,NA,2,270
"ELIMANNING","Eli Manning","QB","NYG",23,23,504,330,3882,25,13,65.5,7.7,28,31,1.1,0,NA,NA,NA,NA,NA,2,267
"JOEFLACCO","Joe Flacco","QB","BAL",24,24,540,330,4169,24,17,61.1,7.7,29,64,2.2,0,NA,NA,NA,NA,NA,3,266
"JAMAALCHARLES","Jamaal Charles","RB","KC",1,25,NA,NA,NA,NA,NA,NA,NA,268,1304,4.9,9,65,525,8.1,3,NA,1,237
"JAKELOCKER","Jake Locker","QB","TEN",25,26,467,287,3239,19,12,61.5,6.9,40,201,5,2,NA,NA,NA,NA,NA,3,231
"TEDDYBRIDGEWATER","Teddy Bridgewater","QB","MIN",26,27,396,248,3147,19,8,62.6,7.9,36,135,3.8,2,NA,NA,NA,NA,NA,1,230
"LESEANMCCOY","LeSean McCoy","RB","PHI",2,28,NA,NA,NA,NA,NA,NA,NA,287,1410,4.9,10,34,298,8.8,2,NA,2,222
"MATTFORTE","Matt Forte","RB","CHI",2,28,NA,NA,NA,NA,NA,NA,NA,281,1256,4.5,8,62,508,8.2,3,NA,2,222
"CALVINJOHNSON","Calvin Johnson","WR","DET",1,28,NA,NA,NA,NA,NA,NA,NA,NA,NA,NA,NA,93,1550,16.7,13,NA,1,222
"DEMARYIUSTHOMAS","Demaryius Thomas","WR","DEN",2,31,NA,NA,NA,NA,NA,NA,NA,NA,NA,NA,NA,97,1466,15.1,13,NA,0,217
"EJMANUEL","EJ Manuel","QB","BUF",27,32,406,238,2891,19,14,58.6,7.1,57,195,3.4,2,NA,NA,NA,NA,NA,3,213
"GENOSMITH","Geno Smith","QB","NYJ",28,33,403,248,2927,15,12,61.5,7.3,41,177,4.3,4,NA,NA,NA,NA,NA,3,205
"ADRIANPETERSON","Adrian Peterson","RB","MIN",4,34,NA,NA,NA,NA,NA,NA,NA,281,1277,4.5,10,42,289,6.9,1,NA,2,202
"DEZBRYANT","Dez Bryant","WR","DAL",3,35,NA,NA,NA,NA,NA,NA,NA,NA,NA,NA,NA,100,1353,13.5,12,NA,1,197
"JULIOJONES","Julio Jones","WR","ATL",4,36,NA,NA,NA,NA,NA,NA,NA,NA,NA,NA,NA,99,1473,14.9,9,NA,0,195
"JIMMYGRAHAM","Jimmy Graham","TE","NO",1,37,NA,NA,NA,NA,NA,NA,NA,NA,NA,NA,NA,87,1238,14.2,13,NA,0,194
"BRANDONMARSHALL","Brandon Marshall","WR","CHI",5,38,NA,NA,NA,NA,NA,NA,NA,NA,NA,NA,NA,106,1298,12.2,11,NA,0,189
"AJGREEN","A.J. Green","WR","CIN",6,39,NA,NA,NA,NA,NA,NA,NA,NA,NA,NA,NA,90,1288,14.3,11,NA,0,187
"JORDYNELSON","Jordy Nelson","WR","GB",7,40,NA,NA,NA,NA,NA,NA,NA,NA,NA,NA,NA,82,1280,15.6,11,NA,1,185
"EDDIELACY","Eddie Lacy","RB","GB",5,41,NA,NA,NA,NA,NA,NA,NA,269,1148,4.3,9,34,231,6.8,1,NA,1,180
"MONTEEBALL","Montee Ball","RB","DEN",6,42,NA,NA,NA,NA,NA,NA,NA,247,1075,4.4,9,33,306,9.3,1,NA,2,179
"JOHNNYMANZIEL","Johnny Manziel","QB","CLE",29,43,395,234,2689,12,11,59.2,6.8,55,256,4.7,3,NA,NA,NA,NA,NA,3,178
"DEMARCOMURRAY","DeMarco Murray","RB","DAL",7,44,NA,NA,NA,NA,NA,NA,NA,251,1147,4.6,9,46,273,5.9,0,NA,2,177
"ALFREDMORRIS","Alfred Morris","RB","WAS",8,45,NA,NA,NA,NA,NA,NA,NA,279,1291,4.6,9,10,70,7,0,NA,2,174
"GIOVANIBERNARD","Giovani Bernard","RB","CIN",9,46,NA,NA,NA,NA,NA,NA,NA,252,1038,4.1,6,50,406,8.1,2,NA,2,172
"LEVEONBELL","Le'Veon Bell","RB","PIT",10,47,NA,NA,NA,NA,NA,NA,NA,257,1096,4.3,7,41,319,7.8,1,NA,1,170
"MARSHAWNLYNCH","Marshawn Lynch","RB","SEA",11,48,NA,NA,NA,NA,NA,NA,NA,269,1134,4.2,9,20,140,7,1,NA,1,169
"ZACSTACY","Zac Stacy","RB","STL",12,49,NA,NA,NA,NA,NA,NA,NA,270,1164,4.3,8,27,153,5.7,1,NA,2,165
"ANTONIOBROWN","Antonio Brown","WR","PIT",8,49,NA,NA,NA,NA,NA,NA,NA,NA,NA,NA,NA,101,1235,12.2,8,NA,0,165
"DOUGMARTIN","Doug Martin","RB","TB",13,51,NA,NA,NA,NA,NA,NA,NA,278,1164,4.2,7,30,200,6.7,1,NA,2,164
"ARIANFOSTER","Arian Foster","RB","HOU",14,52,NA,NA,NA,NA,NA,NA,NA,255,1097,4.3,6,37,269,7.3,2,NA,2,163
"ALSHONJEFFERY","Alshon Jeffery","WR","CHI",9,52,NA,NA,NA,NA,NA,NA,NA,NA,NA,NA,NA,77,1216,15.8,8,NA,0,163
"MICHAELCRABTREE","Michael Crabtree","WR","SF",10,54,NA,NA,NA,NA,NA,NA,NA,NA,NA,NA,NA,77,1165,15.1,9,NA,1,160
"RANDALLCOBB","Randall Cobb","WR","GB",10,54,NA,NA,NA,NA,NA,NA,NA,NA,NA,NA,NA,79,1113,14.1,8,NA,1,160
"TOBYGERHART","Toby Gerhart","RB","JAC",15,56,NA,NA,NA,NA,NA,NA,NA,263,1090,4.1,7,26,197,7.6,1,NA,1,159
"LARRYFITZGERALD","Larry Fitzgerald","WR","ARI",12,57,NA,NA,NA,NA,NA,NA,NA,NA,NA,NA,NA,81,1041,12.9,10,NA,0,157
"MATTSCHAUB","Matt Schaub","QB","OAK",30,58,373,223,2608,14,10,59.8,7,26,31,1.2,0,NA,NA,NA,NA,NA,3,156
"ANDREELLINGTON","Andre Ellington","RB","ARI",16,58,NA,NA,NA,NA,NA,NA,NA,216,978,4.5,4,46,402,8.7,2,NA,2,156
"VINCENTJACKSON","Vincent Jackson","WR","TB",13,60,NA,NA,NA,NA,NA,NA,NA,NA,NA,NA,NA,72,1078,15,9,NA,0,154
"ROBGRONKOWSKI","Rob Gronkowski","TE","NE",2,60,NA,NA,NA,NA,NA,NA,NA,NA,NA,NA,NA,77,1023,13.3,10,NA,0,154
"BLAKEBORTLES","Blake Bortles","QB","JAC",31,62,325,198,2359,13,10,60.9,7.3,30,104,3.5,2,NA,NA,NA,NA,NA,3,153
"RYANMATHEWS","Ryan Mathews","RB","SD",17,63,NA,NA,NA,NA,NA,NA,NA,259,1086,4.2,7,20,133,6.7,1,NA,1,152
"ANDREJOHNSON","Andre Johnson","WR","HOU",14,64,NA,NA,NA,NA,NA,NA,NA,NA,NA,NA,NA,84,1219,14.5,6,NA,0,150
"JULIUSTHOMAS","Julius Thomas","TE","DEN",3,64,NA,NA,NA,NA,NA,NA,NA,NA,NA,NA,NA,82,1003,12.2,10,NA,1,150
"BISHOPSANKEY","Bishop Sankey","RB","TEN",18,66,NA,NA,NA,NA,NA,NA,NA,258,1125,4.4,5,24,205,8.5,1,NA,2,149
"PIERREGARCON","Pierre Garcon","WR","WAS",15,67,NA,NA,NA,NA,NA,NA,NA,NA,NA,NA,NA,90,1203,13.4,6,NA,1,148
"KEENANALLEN","Keenan Allen","WR","SD",16,68,NA,NA,NA,NA,NA,NA,NA,NA,NA,NA,NA,64,1009,15.8,9,NA,1,146
"SHANEVEREEN","Shane Vereen","RB","NE",19,69,NA,NA,NA,NA,NA,NA,NA,148,640,4.3,2,56,534,9.5,5,NA,0,145
"VERNONDAVIS","Vernon Davis","TE","SF",4,70,NA,NA,NA,NA,NA,NA,NA,NA,NA,NA,NA,61,855,14,11,NA,0,144
"EMMANUELSANDERS","Emmanuel Sanders","WR","DEN",17,71,NA,NA,NA,NA,NA,NA,NA,NA,NA,NA,NA,66,1026,15.5,8,NA,0,143
"TOMSAVAGE","Tom Savage","QB","HOU",32,72,317,183,2304,14,12,57.7,7.3,18,35,1.9,0,NA,NA,NA,NA,NA,1,142
"MICHAELFLOYD","Michael Floyd","WR","ARI",18,72,NA,NA,NA,NA,NA,NA,NA,NA,NA,NA,NA,76,1078,14.2,7,NA,0,142
"JOIQUEBELL","Joique Bell","RB","DET",20,74,NA,NA,NA,NA,NA,NA,NA,183,757,4.1,7,40,355,8.9,1,NA,2,140
"CORDARRELLEPATTERSON","Cordarrelle Patterson","WR","MIN",19,74,NA,NA,NA,NA,NA,NA,NA,NA,NA,NA,NA,64,939,14.7,7,NA,0,140
"REGGIEBUSH","Reggie Bush","RB","DET",21,76,NA,NA,NA,NA,NA,NA,NA,192,813,4.2,4,43,352,8.2,3,NA,2,139
"RAYRICE","Ray Rice","RB","BAL",22,77,NA,NA,NA,NA,NA,NA,NA,189,848,4.5,5,43,355,8.3,1,NA,2,138
"RODDYWHITE","Roddy White","WR","ATL",20,78,NA,NA,NA,NA,NA,NA,NA,NA,NA,NA,NA,84,1036,12.3,7,NA,0,137
"CJSPILLER","C.J. Spiller","RB","BUF",23,79,NA,NA,NA,NA,NA,NA,NA,218,998,4.6,5,38,195,5.1,1,NA,2,136
"WESWELKER","Wes Welker","WR","DEN",21,79,NA,NA,NA,NA,NA,NA,NA,NA,NA,NA,NA,79,918,11.6,9,NA,1,136
"VICTORCRUZ","Victor Cruz","WR","NYG",22,81,NA,NA,NA,NA,NA,NA,NA,NA,NA,NA,NA,76,1031,13.6,7,NA,1,135
"RASHADJENNINGS","Rashad Jennings","RB","NYG",24,82,NA,NA,NA,NA,NA,NA,NA,219,897,4.1,5,41,286,7,1,NA,2,134
"FRANKGORE","Frank Gore","RB","SF",24,82,NA,NA,NA,NA,NA,NA,NA,230,969,4.2,7,17,122,7.2,0,NA,1,134
"DESEANJACKSON","DeSean Jackson","WR","WAS",23,82,NA,NA,NA,NA,NA,NA,NA,NA,NA,NA,NA,57,933,16.4,8,NA,0,134
"TORREYSMITH","Torrey Smith","WR","BAL",24,85,NA,NA,NA,NA,NA,NA,NA,NA,NA,NA,NA,60,1045,17.4,6,NA,0,133
"CHRISJOHNSON","Chris Johnson","RB","NYJ",26,86,NA,NA,NA,NA,NA,NA,NA,222,920,4.1,5,31,231,7.5,1,NA,2,131
"GOLDENTATE","Golden Tate","WR","DET",25,87,NA,NA,NA,NA,NA,NA,NA,NA,NA,NA,NA,65,965,14.8,7,NA,1,130
"TRENTRICHARDSON","Trent Richardson","RB","IND",27,88,NA,NA,NA,NA,NA,NA,NA,211,826,3.9,7,32,247,7.7,0,NA,3,128
"MIKEWALLACE","Mike Wallace","WR","MIA",26,88,NA,NA,NA,NA,NA,NA,NA,NA,NA,NA,NA,64,987,15.4,6,NA,0,128
"JEREMYMACLIN","Jeremy Maclin","WR","PHI",27,90,NA,NA,NA,NA,NA,NA,NA,NA,NA,NA,NA,73,987,13.5,6,NA,0,127
"MARQUESCOLSTON","Marques Colston","WR","NO",28,91,NA,NA,NA,NA,NA,NA,NA,NA,NA,NA,NA,73,918,12.6,7,NA,0,126
"BENTATE","Ben Tate","RB","CLE",28,92,NA,NA,NA,NA,NA,NA,NA,228,940,4.1,7,20,106,5.3,0,NA,3,125
"TERRANCEWILLIAMS","Terrance Williams","WR","DAL",29,92,NA,NA,NA,NA,NA,NA,NA,NA,NA,NA,NA,63,853,13.5,8,NA,1,125
"JORDANCAMERON","Jordan Cameron","TE","CLE",5,92,NA,NA,NA,NA,NA,NA,NA,NA,NA,NA,NA,77,940,12.2,7,NA,1,125
"ERICDECKER","Eric Decker","WR","NYJ",30,95,NA,NA,NA,NA,NA,NA,NA,NA,NA,NA,NA,75,968,12.9,6,NA,1,123
"KENDALLWRIGHT","Kendall Wright","WR","TEN",31,96,NA,NA,NA,NA,NA,NA,NA,NA,NA,NA,NA,89,1008,11.3,5,NA,1,122
"RUEBENRANDLE","Rueben Randle","WR","NYG",32,97,NA,NA,NA,NA,NA,NA,NA,NA,NA,NA,NA,66,880,13.3,7,NA,1,121
"SAMMYWATKINS","Sammy Watkins","WR","BUF",32,97,NA,NA,NA,NA,NA,NA,NA,NA,NA,NA,NA,68,909,13.4,7,NA,2,121
"JULIANEDELMAN","Julian Edelman","WR","NE",32,97,NA,NA,NA,NA,NA,NA,NA,NA,NA,NA,NA,82,931,11.4,6,NA,0,121
"JASONWITTEN","Jason Witten","TE","DAL",6,97,NA,NA,NA,NA,NA,NA,NA,NA,NA,NA,NA,78,873,11.2,7,NA,0,121
"LAMARMILLER","Lamar Miller","RB","MIA",29,101,NA,NA,NA,NA,NA,NA,NA,194,851,4.4,5,33,213,6.5,0,NA,1,120
"BRANDINCOOKS","Brandin Cooks","WR","NO",35,101,NA,NA,NA,NA,NA,NA,NA,NA,NA,NA,NA,64,923,14.4,6,NA,1,120
"TYHILTON","T.Y. Hilton","WR","IND",36,103,NA,NA,NA,NA,NA,NA,NA,NA,NA,NA,NA,61,909,14.9,6,NA,0,119
"FREDJACKSON","Fred Jackson","RB","BUF",30,104,NA,NA,NA,NA,NA,NA,NA,151,634,4.2,7,36,308,8.6,0,NA,1,118
"STEVANRIDLEY","Stevan Ridley","RB","NE",30,104,NA,NA,NA,NA,NA,NA,NA,201,848,4.2,7,10,54,5.4,0,NA,2,118
"PIERRETHOMAS","Pierre Thomas","RB","NO",32,106,NA,NA,NA,NA,NA,NA,NA,166,660,4,5,41,265,6.5,2,NA,1,117
"MAURICEJONESDREW","Maurice Jones-Drew","RB","OAK",33,107,NA,NA,NA,NA,NA,NA,NA,204,791,3.9,5,32,240,7.5,0,NA,1,116
"MIKEEVANS","Mike Evans","WR","TB",37,108,NA,NA,NA,NA,NA,NA,NA,NA,NA,NA,NA,63,820,13,7,NA,1,115
"PERCYHARVIN","Percy Harvin","WR","SEA",37,108,NA,NA,NA,NA,NA,NA,NA,NA,NA,NA,NA,62,718,11.6,7,NA,0,115
"KELVINBENJAMIN","Kelvin Benjamin","WR","CAR",39,110,NA,NA,NA,NA,NA,NA,NA,NA,NA,NA,NA,57,865,15.2,6,NA,1,114
"DENNISPITTA","Dennis Pitta","TE","BAL",7,110,NA,NA,NA,NA,NA,NA,NA,NA,NA,NA,NA,66,848,12.8,6,NA,0,114
"TERRANCEWEST","Terrance West","RB","CLE",34,112,NA,NA,NA,NA,NA,NA,NA,197,855,4.3,5,15,110,7.3,0,NA,0,112
"REGGIEWAYNE","Reggie Wayne","WR","IND",40,112,NA,NA,NA,NA,NA,NA,NA,NA,NA,NA,NA,73,908,12.4,5,NA,0,112
"ZACHERTZ","Zach Ertz","TE","PHI",8,114,NA,NA,NA,NA,NA,NA,NA,NA,NA,NA,NA,64,792,12.4,7,NA,1,111
"KYLERUDOLPH","Kyle Rudolph","TE","MIN",9,115,NA,NA,NA,NA,NA,NA,NA,NA,NA,NA,NA,66,767,11.6,7,NA,0,110
"GREGOLSEN","Greg Olsen","TE","CAR",10,116,NA,NA,NA,NA,NA,NA,NA,NA,NA,NA,NA,65,801,12.3,6,NA,0,109
"JUSTINHUNTER","Justin Hunter","WR","TEN",41,117,NA,NA,NA,NA,NA,NA,NA,NA,NA,NA,NA,57,854,15,5,NA,0,108
"RILEYCOOPER","Riley Cooper","WR","PHI",42,118,NA,NA,NA,NA,NA,NA,NA,NA,NA,NA,NA,60,786,13.1,6,NA,0,107
"HARRYDOUGLAS","Harry Douglas","WR","ATL",42,118,NA,NA,NA,NA,NA,NA,NA,NA,NA,NA,NA,68,794,11.7,6,NA,0,107
"JORDANREED","Jordan Reed","TE","WAS",11,118,NA,NA,NA,NA,NA,NA,NA,NA,NA,NA,NA,64,795,12.4,6,NA,0,107
"DEANGELOWILLIAMS","DeAngelo Williams","RB","CAR",35,121,NA,NA,NA,NA,NA,NA,NA,170,721,4.2,4,26,231,8.9,1,NA,2,106
"DOUGBALDWIN","Doug Baldwin","WR","SEA",44,121,NA,NA,NA,NA,NA,NA,NA,NA,NA,NA,NA,58,835,14.4,5,NA,0,106
"RYANFITZPATRICK","Ryan Fitzpatrick","QB","HOU",33,123,249,152,1748,10,11,61,7,17,56,3.3,1,NA,NA,NA,NA,NA,2,105
"HAKEEMNICKS","Hakeem Nicks","WR","IND",45,124,NA,NA,NA,NA,NA,NA,NA,NA,NA,NA,NA,51,721,14.1,6,NA,0,101
"LADARIUSGREEN","Ladarius Green","TE","SD",12,124,NA,NA,NA,NA,NA,NA,NA,NA,NA,NA,NA,50,795,15.9,5,NA,0,101
"STEVENJACKSON","Steven Jackson","RB","ATL",36,126,NA,NA,NA,NA,NA,NA,NA,153,607,4,6,22,127,5.8,1,NA,0,99
"ANQUANBOLDIN","Anquan Boldin","WR","SF",46,126,NA,NA,NA,NA,NA,NA,NA,NA,NA,NA,NA,60,772,12.9,5,NA,0,99
"JORDANMATTHEWS","Jordan Matthews","WR","PHI",46,126,NA,NA,NA,NA,NA,NA,NA,NA,NA,NA,NA,54,785,14.5,5,NA,1,99
"ANTONIOGATES","Antonio Gates","TE","SD",13,126,NA,NA,NA,NA,NA,NA,NA,NA,NA,NA,NA,69,768,11.1,5,NA,0,99
"TAVONAUSTIN","Tavon Austin","WR","STL",48,130,NA,NA,NA,NA,NA,NA,NA,NA,NA,NA,NA,55,650,11.8,5,NA,2,98
"ANDREWILLIAMS","Andre Williams","RB","NYG",37,131,NA,NA,NA,NA,NA,NA,NA,162,702,4.3,6,6,43,7.2,0,NA,1,97
"CECILSHORTS","Cecil Shorts","WR","JAC",49,131,NA,NA,NA,NA,NA,NA,NA,NA,NA,NA,NA,64,802,12.5,4,NA,0,97
"KENNYSTILLS","Kenny Stills","WR","NO",49,131,NA,NA,NA,NA,NA,NA,NA,NA,NA,NA,NA,46,755,16.4,5,NA,1,97
"JARRETTBOYKIN","Jarrett Boykin","WR","GB",51,134,NA,NA,NA,NA,NA,NA,NA,NA,NA,NA,NA,48,681,14.2,6,NA,0,96
"JOHNBROWN","John Brown","WR","ARI",51,134,NA,NA,NA,NA,NA,NA,NA,NA,NA,NA,NA,50,795,15.9,4,NA,0,96
"DEVONTAFREEMAN","Devonta Freeman","RB","ATL",38,136,NA,NA,NA,NA,NA,NA,NA,153,660,4.3,3,29,223,7.7,1,NA,1,95
"HEATHMILLER","Heath Miller","TE","PIT",14,136,NA,NA,NA,NA,NA,NA,NA,NA,NA,NA,NA,60,665,11.1,6,NA,0,95
"BERNARDPIERCE","Bernard Pierce","RB","BAL",39,138,NA,NA,NA,NA,NA,NA,NA,171,723,4.2,4,15,112,7.5,0,NA,0,94
"RODSTREATER","Rod Streater","WR","OAK",53,138,NA,NA,NA,NA,NA,NA,NA,NA,NA,NA,NA,60,751,12.5,5,NA,1,94
"CHARLESCLAY","Charles Clay","TE","MIA",15,138,NA,NA,NA,NA,NA,NA,NA,NA,NA,NA,NA,57,658,11.5,6,NA,1,94
"DWAYNEBOWE","Dwayne Bowe","WR","KC",54,141,NA,NA,NA,NA,NA,NA,NA,NA,NA,NA,NA,62,777,12.5,4,NA,0,93
"DEANDREHOPKINS","DeAndre Hopkins","WR","HOU",54,141,NA,NA,NA,NA,NA,NA,NA,NA,NA,NA,NA,55,712,12.9,5,NA,0,93
"DANNYWOODHEAD","Danny Woodhead","RB","SD",40,143,NA,NA,NA,NA,NA,NA,NA,65,270,4.2,0,57,519,9.1,5,NA,0,92
"ROBERTWOODS","Robert Woods","WR","BUF",56,143,NA,NA,NA,NA,NA,NA,NA,NA,NA,NA,NA,59,763,12.9,4,NA,0,92
"STEVESMITH","Steve Smith","WR","BAL",57,145,NA,NA,NA,NA,NA,NA,NA,NA,NA,NA,NA,51,674,13.2,5,NA,0,90
"GREGJENNINGS","Greg Jennings","WR","MIN",57,145,NA,NA,NA,NA,NA,NA,NA,NA,NA,NA,NA,52,685,13.2,5,NA,0,90
"MARTELLUSBENNETT","Martellus Bennett","TE","CHI",16,145,NA,NA,NA,NA,NA,NA,NA,NA,NA,NA,NA,60,702,11.7,5,NA,1,90
"DELANIEWALKER","Delanie Walker","TE","TEN",17,148,NA,NA,NA,NA,NA,NA,NA,NA,NA,NA,NA,59,624,10.6,6,NA,1,89
"MARQISELEE","Marqise Lee","WR","JAC",59,149,NA,NA,NA,NA,NA,NA,NA,NA,NA,NA,NA,46,668,14.5,5,NA,1,88
"MARVINJONES","Marvin Jones","WR","CIN",59,149,NA,NA,NA,NA,NA,NA,NA,NA,NA,NA,NA,47,659,14,5,NA,1,88
"ERICEBRON","Eric Ebron","TE","DET",18,149,NA,NA,NA,NA,NA,NA,NA,NA,NA,NA,NA,47,606,12.9,6,NA,0,88
"KENNYBRITT","Kenny Britt","WR","STL",61,152,NA,NA,NA,NA,NA,NA,NA,NA,NA,NA,NA,52,711,13.7,4,NA,0,87
"JAREDCOOK","Jared Cook","TE","STL",19,153,NA,NA,NA,NA,NA,NA,NA,NA,NA,NA,NA,47,602,12.8,6,NA,1,86
"DWAYNEALLEN","Dwayne Allen","TE","IND",19,153,NA,NA,NA,NA,NA,NA,NA,NA,NA,NA,NA,49,585,11.9,6,NA,0,86
"ANDREWHAWKINS","Andrew Hawkins","WR","CLE",62,155,NA,NA,NA,NA,NA,NA,NA,NA,NA,NA,NA,45,617,13.7,5,NA,0,85
"DEREKCARR","Derek Carr","QB","OAK",34,156,218,135,1529,8,7,61.9,7,12,28,2.3,0,NA,NA,NA,NA,NA,2,83
"CARLOSHYDE","Carlos Hyde","RB","SF",41,156,NA,NA,NA,NA,NA,NA,NA,140,595,4.2,5,11,70,6.4,0,NA,1,83
"MARKUSWHEATON","Markus Wheaton","WR","PIT",63,156,NA,NA,NA,NA,NA,NA,NA,NA,NA,NA,NA,49,623,12.7,5,NA,0,83
"KHIRYROBINSON","Khiry Robinson","RB","NO",42,159,NA,NA,NA,NA,NA,NA,NA,140,586,4.2,5,10,49,4.9,0,NA,0,82
"JERRICHOCOTCHERY","Jerricho Cotchery","WR","CAR",64,160,NA,NA,NA,NA,NA,NA,NA,NA,NA,NA,NA,49,665,13.6,4,NA,1,81
"DANNYAMENDOLA","Danny Amendola","WR","NE",64,160,NA,NA,NA,NA,NA,NA,NA,NA,NA,NA,NA,53,614,11.6,5,NA,1,81
"JAMESJONES","James Jones","WR","OAK",64,160,NA,NA,NA,NA,NA,NA,NA,NA,NA,NA,NA,57,653,11.5,4,NA,0,81
"ODELLBECKHAM","Odell Beckham","WR","NYG",67,163,NA,NA,NA,NA,NA,NA,NA,NA,NA,NA,NA,47,654,13.9,4,NA,1,80
"DARRENSPROLES","Darren Sproles","RB","PHI",43,164,NA,NA,NA,NA,NA,NA,NA,66,264,4,1,57,455,8,3,NA,0,79
"JEREMYHILL","Jeremy Hill","RB","CIN",43,164,NA,NA,NA,NA,NA,NA,NA,134,580,4.3,5,6,29,4.8,0,NA,1,79
"CHRISTINEMICHAEL","Christine Michael","RB","SEA",45,166,NA,NA,NA,NA,NA,NA,NA,118,595,5,4,14,108,7.7,0,NA,1,78
"STEPFANTAYLOR","Stepfan Taylor","RB","ARI",45,166,NA,NA,NA,NA,NA,NA,NA,151,592,3.9,4,11,80,7.3,0,NA,1,78
"KNOWSHONMORENO","Knowshon Moreno","RB","MIA",45,166,NA,NA,NA,NA,NA,NA,NA,137,553,4,3,22,166,7.5,1,NA,1,78
"MICHAELVICK","Michael Vick","QB","NYJ",35,169,173,102,1115,7,6,59,6.4,22,109,5,2,NA,NA,NA,NA,NA,2,77
"ANDREHOLMES","Andre Holmes","WR","OAK",68,169,NA,NA,NA,NA,NA,NA,NA,NA,NA,NA,NA,45,608,13.5,4,NA,0,77
"GARRETTGRAHAM","Garrett Graham","TE","HOU",21,169,NA,NA,NA,NA,NA,NA,NA,NA,NA,NA,NA,50,556,11.1,5,NA,0,77
"MILESAUSTIN","Miles Austin","WR","CLE",69,172,NA,NA,NA,NA,NA,NA,NA,NA,NA,NA,NA,52,607,11.7,4,NA,0,76
"MOHAMEDSANU","Mohamed Sanu","WR","CIN",69,172,NA,NA,NA,NA,NA,NA,NA,NA,NA,NA,NA,58,602,10.4,4,NA,0,76
"MARCEDESLEWIS","Marcedes Lewis","TE","JAC",22,174,NA,NA,NA,NA,NA,NA,NA,NA,NA,NA,NA,42,527,12.5,5,NA,0,74
"BRIANQUICK","Brian Quick","WR","STL",71,175,NA,NA,NA,NA,NA,NA,NA,NA,NA,NA,NA,43,563,13.1,4,NA,0,73
"LANCEMOORE","Lance Moore","WR","PIT",71,175,NA,NA,NA,NA,NA,NA,NA,NA,NA,NA,NA,54,627,11.6,3,NA,0,73
"TIMOTHYWRIGHT","Timothy Wright","TE","TB",23,175,NA,NA,NA,NA,NA,NA,NA,NA,NA,NA,NA,46,505,11,5,NA,0,73
"MALCOMFLOYD","Malcom Floyd","WR","SD",73,178,NA,NA,NA,NA,NA,NA,NA,NA,NA,NA,NA,42,556,13.2,4,NA,0,71
"MIKEWILLIAMS","Mike Williams","WR","BUF",73,178,NA,NA,NA,NA,NA,NA,NA,NA,NA,NA,NA,41,556,13.6,4,NA,0,71
"SCOTTCHANDLER","Scott Chandler","TE","BUF",24,178,NA,NA,NA,NA,NA,NA,NA,NA,NA,NA,NA,46,561,12.2,4,NA,1,71
"CHADHENNE","Chad Henne","QB","JAC",36,181,202,118,1415,7,10,58.4,7,18,50,2.8,0,NA,NA,NA,NA,NA,2,69
"CHRISIVORY","Chris Ivory","RB","NYJ",48,181,NA,NA,NA,NA,NA,NA,NA,141,535,3.8,4,4,21,5.2,0,NA,1,69
"THADLEWIS","Thad Lewis","QB","BUF",37,183,196,117,1243,5,2,59.7,6.3,8,18,2.2,0,NA,NA,NA,NA,NA,1,68
"NATEWASHINGTON","Nate Washington","WR","TEN",75,183,NA,NA,NA,NA,NA,NA,NA,NA,NA,NA,NA,40,524,13.1,4,NA,0,68
"JACEAMARO","Jace Amaro","TE","NYJ",25,183,NA,NA,NA,NA,NA,NA,NA,NA,NA,NA,NA,38,512,13.5,4,NA,0,68
"BRIANHOYER","Brian Hoyer","QB","CLE",38,186,146,87,947,9,7,59.6,6.5,8,15,1.9,0,NA,NA,NA,NA,NA,2,67
"TREMASON","Tre Mason","RB","STL",49,186,NA,NA,NA,NA,NA,NA,NA,126,557,4.4,3,15,90,6,0,NA,1,67
"KENBRELLTHOMPKINS","Kenbrell Thompkins","WR","NE",76,186,NA,NA,NA,NA,NA,NA,NA,NA,NA,NA,NA,40,562,14.1,3,NA,0,67
"MYCHALRIVERA","Mychal Rivera","TE","OAK",26,186,NA,NA,NA,NA,NA,NA,NA,NA,NA,NA,NA,44,510,11.6,4,NA,0,67
"JEREMYKERLEY","Jeremy Kerley","WR","NYJ",77,190,NA,NA,NA,NA,NA,NA,NA,NA,NA,NA,NA,45,588,13.1,3,NA,1,66
"DONNIEAVERY","Donnie Avery","WR","KC",78,191,NA,NA,NA,NA,NA,NA,NA,NA,NA,NA,NA,44,553,12.6,3,NA,0,65
"JONATHANGRIMES","Jonathan Grimes","RB","HOU",50,192,NA,NA,NA,NA,NA,NA,NA,131,535,4.1,3,11,63,5.7,0,NA,1,64
"DARRENMCFADDEN","Darren McFadden","RB","OAK",50,192,NA,NA,NA,NA,NA,NA,NA,101,399,4,4,20,147,7.3,1,NA,2,64
"ANDREROBERTS","Andre Roberts","WR","WAS",79,192,NA,NA,NA,NA,NA,NA,NA,NA,NA,NA,NA,49,542,11.1,3,NA,0,64
"DEXTERMCCLUSTER","Dexter McCluster","RB","TEN",52,195,NA,NA,NA,NA,NA,NA,NA,69,288,4.2,0,48,390,8.1,2,NA,1,62
"MARKINGRAM","Mark Ingram","RB","NO",53,196,NA,NA,NA,NA,NA,NA,NA,108,455,4.2,4,4,27,6.8,0,NA,1,60
"KNILEDAVIS","Knile Davis","RB","KC",53,196,NA,NA,NA,NA,NA,NA,NA,99,462,4.7,3,13,126,9.7,0,NA,0,60
"LEVINETOILOLO","Levine Toilolo","TE","ATL",27,196,NA,NA,NA,NA,NA,NA,NA,NA,NA,NA,NA,34,434,12.8,4,NA,0,60
"BRANDONLAFELL","Brandon LaFell","WR","NE",80,199,NA,NA,NA,NA,NA,NA,NA,NA,NA,NA,NA,34,484,14.2,3,NA,0,59
"BRANDONBOSTICK","Brandon Bostick","TE","GB",28,199,NA,NA,NA,NA,NA,NA,NA,NA,NA,NA,NA,30,463,15.4,4,NA,1,59
"JEROMESIMPSON","Jerome Simpson","WR","MIN",81,201,NA,NA,NA,NA,NA,NA,NA,NA,NA,NA,NA,38,528,13.9,2,NA,0,58
"AUSTINPETTIS","Austin Pettis","WR","STL",82,202,NA,NA,NA,NA,NA,NA,NA,NA,NA,NA,NA,37,401,10.8,4,NA,0,57
"DAVANTEADAMS","Davante Adams","WR","GB",82,202,NA,NA,NA,NA,NA,NA,NA,NA,NA,NA,NA,34,485,14.3,3,NA,1,57
"ALLENHURNS","Allen Hurns","WR","JAC",84,204,NA,NA,NA,NA,NA,NA,NA,NA,NA,NA,NA,40,509,12.7,2,NA,0,55
"JARVISLANDRY","Jarvis Landry","WR","MIA",84,204,NA,NA,NA,NA,NA,NA,NA,NA,NA,NA,NA,33,401,12.2,4,NA,1,55
"TYLEREIFERT","Tyler Eifert","TE","CIN",29,204,NA,NA,NA,NA,NA,NA,NA,NA,NA,NA,NA,31,391,12.6,4,NA,0,55
"LANCEDUNBAR","Lance Dunbar","RB","DAL",55,207,NA,NA,NA,NA,NA,NA,NA,82,333,4.1,1,37,315,8.5,0,NA,0,54
"JAMESSTARKS","James Starks","RB","GB",56,208,NA,NA,NA,NA,NA,NA,NA,96,401,4.2,3,11,90,8.2,0,NA,1,53
"JAMESWHITE","James White","RB","NE",56,208,NA,NA,NA,NA,NA,NA,NA,91,381,4.2,3,16,120,7.5,0,NA,0,53
"RONNIEHILLMAN","Ronnie Hillman","RB","DEN",58,210,NA,NA,NA,NA,NA,NA,NA,97,382,3.9,3,14,98,7,0,NA,0,52
"ADRIENROBINSON","Adrien Robinson","TE","NYG",30,210,NA,NA,NA,NA,NA,NA,NA,NA,NA,NA,NA,33,418,12.7,3,NA,0,52
"TRAVISKELCE","Travis Kelce","TE","KC",30,210,NA,NA,NA,NA,NA,NA,NA,NA,NA,NA,NA,28,417,14.9,3,NA,0,52
"SHONNGREENE","Shonn Greene","RB","TEN",59,213,NA,NA,NA,NA,NA,NA,NA,104,415,4,3,8,51,6.4,0,NA,1,51
"JERMAINEKEARSE","Jermaine Kearse","WR","SEA",86,213,NA,NA,NA,NA,NA,NA,NA,NA,NA,NA,NA,28,470,16.8,2,NA,0,51
"JOHNCARLSON","John Carlson","TE","ARI",32,213,NA,NA,NA,NA,NA,NA,NA,NA,NA,NA,NA,33,340,10.3,4,NA,0,51
"BRENTCELEK","Brent Celek","TE","PHI",32,213,NA,NA,NA,NA,NA,NA,NA,NA,NA,NA,NA,32,407,12.7,3,NA,0,51
"BOBBYRAINEY","Bobby Rainey","RB","TB",60,217,NA,NA,NA,NA,NA,NA,NA,98,405,4.1,1,16,122,7.6,1,NA,0,50
"ROBERTTURBIN","Robert Turbin","RB","SEA",61,218,NA,NA,NA,NA,NA,NA,NA,94,430,4.6,2,8,68,8.5,0,NA,0,49
"NATEBURLESON","Nate Burleson","WR","CLE",87,218,NA,NA,NA,NA,NA,NA,NA,NA,NA,NA,NA,41,462,11.3,2,NA,0,49
"CJFIEDOROWICZ","C.J. Fiedorowicz","TE","HOU",34,218,NA,NA,NA,NA,NA,NA,NA,NA,NA,NA,NA,29,395,13.6,3,NA,0,49
"MIKETOLBERT","Mike Tolbert","RB","CAR",62,221,NA,NA,NA,NA,NA,NA,NA,72,266,3.7,3,21,137,6.5,1,NA,0,48
"DRIARCHER","Dri Archer","RB","PIT",62,221,NA,NA,NA,NA,NA,NA,NA,31,171,5.5,1,25,290,11.6,2,NA,0,48
"LUKEWILLSON","Luke Willson","TE","SEA",35,221,NA,NA,NA,NA,NA,NA,NA,NA,NA,NA,NA,27,377,14,3,NA,0,48
"JONATHANSTEWART","Jonathan Stewart","RB","CAR",64,224,NA,NA,NA,NA,NA,NA,NA,90,346,3.8,2,13,94,7.2,1,NA,1,47
"STEDMANBAILEY","Stedman Bailey","WR","STL",88,224,NA,NA,NA,NA,NA,NA,NA,NA,NA,NA,NA,25,354,14.2,3,NA,0,47
"STEVEJOHNSON","Steve Johnson","WR","SF",88,224,NA,NA,NA,NA,NA,NA,NA,NA,NA,NA,NA,41,461,11.2,2,NA,1,47
"BRANDONGIBSON","Brandon Gibson","WR","MIA",88,224,NA,NA,NA,NA,NA,NA,NA,NA,NA,NA,NA,38,481,12.7,1,NA,0,47
"AHMADBRADSHAW","Ahmad Bradshaw","RB","IND",65,228,NA,NA,NA,NA,NA,NA,NA,101,397,3.9,2,14,125,8.9,0,NA,1,46
"JUNIORHEMINGWAY","Junior Hemingway","WR","KC",91,228,NA,NA,NA,NA,NA,NA,NA,NA,NA,NA,NA,27,366,13.6,3,NA,0,46
"COBYFLEENER","Coby Fleener","TE","IND",36,228,NA,NA,NA,NA,NA,NA,NA,NA,NA,NA,NA,30,354,11.8,3,NA,0,46
"ROYHELU","Roy Helu","RB","WAS",66,231,NA,NA,NA,NA,NA,NA,NA,75,311,4.1,1,29,225,7.8,0,NA,0,44
"TRAVARISCADET","Travaris Cadet","RB","NO",66,231,NA,NA,NA,NA,NA,NA,NA,38,167,4.4,0,38,309,8.1,2,NA,0,44
"JERMAINEGRESHAM","Jermaine Gresham","TE","CIN",37,231,NA,NA,NA,NA,NA,NA,NA,NA,NA,NA,NA,33,354,10.7,3,NA,1,44
"DONALDBROWN","Donald Brown","RB","SD",68,234,NA,NA,NA,NA,NA,NA,NA,78,338,4.3,2,12,97,8.1,0,NA,0,43
"PAULRICHARDSON","Paul Richardson","WR","SEA",92,234,NA,NA,NA,NA,NA,NA,NA,NA,NA,NA,NA,21,395,18.8,2,NA,0,43
"DENARIUSMOORE","Denarius Moore","WR","OAK",92,234,NA,NA,NA,NA,NA,NA,NA,NA,NA,NA,NA,30,427,14.2,2,NA,2,43
"ZACHMILLER","Zach Miller","TE","SEA",38,234,NA,NA,NA,NA,NA,NA,NA,NA,NA,NA,NA,31,321,10.4,3,NA,0,43
"JERICKMCKINNON","Jerick McKinnon","RB","MIN",69,238,NA,NA,NA,NA,NA,NA,NA,67,308,4.6,1,28,224,8,0,NA,1,42
"DEVIERPOSEY","DeVier Posey","WR","HOU",94,238,NA,NA,NA,NA,NA,NA,NA,NA,NA,NA,NA,29,375,12.9,2,NA,0,42
"KEVINOGLETREE","Kevin Ogletree","WR","DET",94,238,NA,NA,NA,NA,NA,NA,NA,NA,NA,NA,NA,22,378,17.2,2,NA,0,42
"DEVINSTREET","Devin Street","WR","DAL",94,238,NA,NA,NA,NA,NA,NA,NA,NA,NA,NA,NA,26,374,14.4,2,NA,0,42
"OWENDANIELS","Owen Daniels","TE","BAL",39,238,NA,NA,NA,NA,NA,NA,NA,NA,NA,NA,NA,32,379,11.8,2,NA,0,42
"MATTCASSEL","Matt Cassel","QB","MIN",39,243,144,92,861,4,4,63.9,6,11,41,3.7,0,NA,NA,NA,NA,NA,2,41
"CHRISGIVENS","Chris Givens","WR","STL",97,244,NA,NA,NA,NA,NA,NA,NA,NA,NA,NA,NA,27,364,13.5,2,NA,0,40
"JACOBYJONES","Jacoby Jones","WR","BAL",97,244,NA,NA,NA,NA,NA,NA,NA,NA,NA,NA,NA,24,358,14.9,2,NA,0,40
"AARONDOBSON","Aaron Dobson","WR","NE",97,244,NA,NA,NA,NA,NA,NA,NA,NA,NA,NA,NA,25,357,14.3,2,NA,0,40
"MARCUSLATTIMORE","Marcus Lattimore","RB","SF",70,247,NA,NA,NA,NA,NA,NA,NA,72,308,4.3,2,9,82,9.1,0,NA,0,39
"MARCELREECE","Marcel Reece","RB","OAK",70,247,NA,NA,NA,NA,NA,NA,NA,38,167,4.4,3,21,206,9.8,0,NA,0,39
"LANCEKENDRICKS","Lance Kendricks","TE","STL",40,247,NA,NA,NA,NA,NA,NA,NA,NA,NA,NA,NA,27,299,11.1,3,NA,0,39
"MARQUISEGOODWIN","Marquise Goodwin","WR","BUF",100,250,NA,NA,NA,NA,NA,NA,NA,NA,NA,NA,NA,20,325,16.2,2,NA,0,38
"SANTONIOHOLMES","Santonio Holmes","WR","CHI",100,250,NA,NA,NA,NA,NA,NA,NA,NA,NA,NA,NA,20,277,13.8,3,NA,0,38
"ANTHONYFASANO","Anthony Fasano","TE","KC",41,250,NA,NA,NA,NA,NA,NA,NA,NA,NA,NA,NA,25,278,11.1,3,NA,0,38
"JACQUIZZRODGERS","Jacquizz Rodgers","RB","ATL",72,253,NA,NA,NA,NA,NA,NA,NA,68,256,3.8,0,23,171,7.4,2,NA,1,37
"LACHESEASTRUNK","Lache Seastrunk","RB","WAS",72,253,NA,NA,NA,NA,NA,NA,NA,72,303,4.2,2,9,101,11.2,0,NA,0,37
"TEDGINN","Ted Ginn","WR","ARI",102,253,NA,NA,NA,NA,NA,NA,NA,NA,NA,NA,NA,21,324,15.4,2,NA,0,37
"CODYLATIMER","Cody Latimer","WR","DEN",103,256,NA,NA,NA,NA,NA,NA,NA,NA,NA,NA,NA,25,308,12.3,2,NA,0,35
"BRANDONLLOYD","Brandon Lloyd","WR","SF",103,256,NA,NA,NA,NA,NA,NA,NA,NA,NA,NA,NA,25,312,12.5,2,NA,0,35
"JEFFCUMBERLAND","Jeff Cumberland","TE","NYJ",42,256,NA,NA,NA,NA,NA,NA,NA,NA,NA,NA,NA,25,307,12.3,2,NA,0,35
"EDDICKSON","Ed Dickson","TE","CAR",42,256,NA,NA,NA,NA,NA,NA,NA,NA,NA,NA,NA,30,316,10.5,2,NA,0,35
"DANIELTHOMAS","Daniel Thomas","RB","MIA",74,260,NA,NA,NA,NA,NA,NA,NA,73,290,4,2,6,42,7,0,NA,0,34
"VINCENTBROWN","Vincent Brown","WR","SD",105,261,NA,NA,NA,NA,NA,NA,NA,NA,NA,NA,NA,26,351,13.5,1,NA,0,33
"MIKEBROWN","Mike Brown","WR","JAC",105,261,NA,NA,NA,NA,NA,NA,NA,NA,NA,NA,NA,26,349,13.4,1,NA,0,33
"COLEBEASLEY","Cole Beasley","WR","DAL",105,261,NA,NA,NA,NA,NA,NA,NA,NA,NA,NA,NA,26,302,11.6,2,NA,0,33
"STEPHENHILL","Stephen Hill","WR","NYJ",105,261,NA,NA,NA,NA,NA,NA,NA,NA,NA,NA,NA,23,290,12.6,2,NA,0,33
"MIKEJAMES","Mike James","RB","TB",75,265,NA,NA,NA,NA,NA,NA,NA,62,275,4.4,2,10,62,6.2,0,NA,1,32
"BRANDONMYERS","Brandon Myers","TE","TB",44,265,NA,NA,NA,NA,NA,NA,NA,NA,NA,NA,NA,26,279,10.7,2,NA,0,32
"MIKEGLENNON","Mike Glennon","QB","TB",40,267,78,47,602,3,2,60.3,7.7,12,40,3.3,0,NA,NA,NA,NA,NA,0,31
"DENARDROBINSON","Denard Robinson","RB","JAC",76,267,NA,NA,NA,NA,NA,NA,NA,77,333,4.3,1,6,51,8.5,0,NA,1,31
"SHAUNDRAUGHN","Shaun Draughn","RB","CHI",76,267,NA,NA,NA,NA,NA,NA,NA,67,295,4.4,1,13,103,7.9,0,NA,0,31
"MARLONBROWN","Marlon Brown","WR","BAL",109,267,NA,NA,NA,NA,NA,NA,NA,NA,NA,NA,NA,25,321,12.8,1,NA,0,31
"JASONAVANT","Jason Avant","WR","CAR",110,271,NA,NA,NA,NA,NA,NA,NA,NA,NA,NA,NA,25,286,11.4,2,NA,1,30
"EDDIEROYAL","Eddie Royal","WR","SD",110,271,NA,NA,NA,NA,NA,NA,NA,NA,NA,NA,NA,32,370,11.6,0,NA,0,30
"ANDREWQUARLESS","Andrew Quarless","TE","GB",45,271,NA,NA,NA,NA,NA,NA,NA,NA,NA,NA,NA,21,260,12.4,2,NA,0,30
"CHARLIEWHITEHURST","Charlie Whitehurst","QB","TEN",41,274,105,60,605,4,4,57.1,5.8,15,35,2.3,0,NA,NA,NA,NA,NA,2,29
"BENJARVUSGREENELLIS","BenJarvus Green-Ellis","RB","CIN",78,274,NA,NA,NA,NA,NA,NA,NA,68,261,3.8,2,5,30,6,0,NA,1,29
"TIQUANUNDERWOOD","Tiquan Underwood","WR","CAR",112,274,NA,NA,NA,NA,NA,NA,NA,NA,NA,NA,NA,17,317,18.6,1,NA,0,29
"AUSTINSEFERIANJENKINS","Austin Seferian-Jenkins","TE","TB",46,274,NA,NA,NA,NA,NA,NA,NA,NA,NA,NA,NA,24,251,10.5,2,NA,0,29
"DUJUANHARRIS","DuJuan Harris","RB","GB",79,278,NA,NA,NA,NA,NA,NA,NA,63,267,4.2,1,13,87,6.7,0,NA,0,28
"ALFREDBLUE","Alfred Blue","RB","HOU",79,278,NA,NA,NA,NA,NA,NA,NA,52,215,4.1,2,7,55,7.9,0,NA,0,28
"CJANDERSON","C.J. Anderson","RB","DEN",81,280,NA,NA,NA,NA,NA,NA,NA,68,277,4.1,1,4,45,11.2,0,NA,0,27
"BILALPOWELL","Bilal Powell","RB","NYJ",81,280,NA,NA,NA,NA,NA,NA,NA,64,250,3.9,0,14,101,7.2,1,NA,0,27
"LATAVIUSMURRAY","Latavius Murray","RB","OAK",81,280,NA,NA,NA,NA,NA,NA,NA,56,217,3.9,2,5,34,6.8,0,NA,0,27
"PEYTONHILLIS","Peyton Hillis","RB","NYG",81,280,NA,NA,NA,NA,NA,NA,NA,66,243,3.7,1,14,82,5.9,0,NA,0,27
"JALENSAUNDERS","Jalen Saunders","WR","NYJ",113,280,NA,NA,NA,NA,NA,NA,NA,NA,NA,NA,NA,18,230,12.8,2,NA,0,27
"ALLENROBINSON","Allen Robinson","WR","JAC",113,280,NA,NA,NA,NA,NA,NA,NA,NA,NA,NA,NA,22,305,13.9,1,NA,1,27
"GREGLITTLE","Greg Little","WR","OAK",113,280,NA,NA,NA,NA,NA,NA,NA,NA,NA,NA,NA,22,293,13.3,1,NA,0,27
"JOSHHUFF","Josh Huff","WR","PHI",113,280,NA,NA,NA,NA,NA,NA,NA,NA,NA,NA,NA,16,274,17.1,1,NA,0,27
"SANTANAMOSS","Santana Moss","WR","WAS",113,280,NA,NA,NA,NA,NA,NA,NA,NA,NA,NA,NA,19,237,12.5,2,NA,0,27
"THEORIDDICK","Theo Riddick","RB","DET",85,289,NA,NA,NA,NA,NA,NA,NA,61,242,4,1,12,68,5.7,0,NA,0,26
"CHRISPOLK","Chris Polk","RB","PHI",85,289,NA,NA,NA,NA,NA,NA,NA,51,233,4.6,2,6,43,7.2,0,NA,1,26
"DANHERRON","Dan Herron","RB","IND",85,289,NA,NA,NA,NA,NA,NA,NA,77,295,3.8,1,3,25,8.3,0,NA,1,26
"CHRISOWUSU","Chris Owusu","WR","TB",118,289,NA,NA,NA,NA,NA,NA,NA,NA,NA,NA,NA,24,273,11.4,1,NA,0,26
"CHARLESJOHNSON","Charles Johnson","WR","CLE",118,289,NA,NA,NA,NA,NA,NA,NA,NA,NA,NA,NA,20,281,14.1,1,NA,0,26
"SHAUNHILL","Shaun Hill","QB","STL",42,294,77,47,480,3,3,61,6.2,5,18,3.6,0,NA,NA,NA,NA,NA,1,24
"ANTHONYDIXON","Anthony Dixon","RB","BUF",88,294,NA,NA,NA,NA,NA,NA,NA,31,136,4.4,3,2,12,6,0,NA,0,24
"MARQUESSWILSON","Marquess Wilson","WR","CHI",120,294,NA,NA,NA,NA,NA,NA,NA,NA,NA,NA,NA,18,256,14.2,1,NA,0,24
"JOEMORGAN","Joe Morgan","WR","NO",120,294,NA,NA,NA,NA,NA,NA,NA,NA,NA,NA,NA,12,206,17.2,2,NA,0,24
"ROBERTMEACHEM","Robert Meachem","WR","NO",120,294,NA,NA,NA,NA,NA,NA,NA,NA,NA,NA,NA,15,269,17.9,1,NA,0,24
"AJJENKINS","A.J. Jenkins","WR","KC",120,294,NA,NA,NA,NA,NA,NA,NA,NA,NA,NA,NA,21,271,12.9,1,NA,0,24
"KESHAWNMARTIN","Keshawn Martin","WR","HOU",124,300,NA,NA,NA,NA,NA,NA,NA,NA,NA,NA,NA,20,247,12.3,1,NA,0,23
"JUSTINBROWN","Justin Brown","WR","PIT",124,300,NA,NA,NA,NA,NA,NA,NA,NA,NA,NA,NA,17,191,11.2,2,NA,0,23
"DREWDAVIS","Drew Davis","WR","ATL",124,300,NA,NA,NA,NA,NA,NA,NA,NA,NA,NA,NA,25,319,12.8,0,NA,0,23
"RYANBROYLES","Ryan Broyles","WR","DET",124,300,NA,NA,NA,NA,NA,NA,NA,NA,NA,NA,NA,23,253,11,1,NA,0,23
"KIRKCOUSINS","Kirk Cousins","QB","WAS",43,304,75,44,514,2,2,58.7,6.9,1,2,2,0,NA,NA,NA,NA,NA,0,22
"TRAVISBENJAMIN","Travis Benjamin","WR","CLE",128,304,NA,NA,NA,NA,NA,NA,NA,NA,NA,NA,NA,16,240,15,1,NA,1,22
"JOSEPHFAURIA","Joseph Fauria","TE","DET",47,304,NA,NA,NA,NA,NA,NA,NA,NA,NA,NA,NA,16,192,12,2,NA,1,22
"RICARDOLOCKETTE","Ricardo Lockette","WR","SEA",129,307,NA,NA,NA,NA,NA,NA,NA,NA,NA,NA,NA,18,231,12.8,1,NA,0,21
"CHRISHOGAN","Chris Hogan","WR","BUF",129,307,NA,NA,NA,NA,NA,NA,NA,NA,NA,NA,NA,17,236,13.9,1,NA,0,21
"JARIUSWRIGHT","Jarius Wright","WR","MIN",129,307,NA,NA,NA,NA,NA,NA,NA,NA,NA,NA,NA,17,226,13.3,1,NA,0,21
"JUSTINFORSETT","Justin Forsett","RB","BAL",89,310,NA,NA,NA,NA,NA,NA,NA,65,283,4.4,0,1,4,4,0,NA,0,20
"DAVIDAUSBERRY","David Ausberry","TE","OAK",48,310,NA,NA,NA,NA,NA,NA,NA,NA,NA,NA,NA,17,213,12.5,1,NA,0,20
"JORDANTODMAN","Jordan Todman","RB","JAC",90,312,NA,NA,NA,NA,NA,NA,NA,54,218,4,0,19,144,7.6,0,NA,1,19
"MARCUSHARRIS","Marcus Harris","WR","NYG",132,312,NA,NA,NA,NA,NA,NA,NA,NA,NA,NA,NA,11,154,14,2,NA,0,19
"ROBHOUSLER","Rob Housler","TE","ARI",49,312,NA,NA,NA,NA,NA,NA,NA,NA,NA,NA,NA,13,156,12,2,NA,0,19
"DARRELYOUNG","Darrel Young","RB","WAS",91,315,NA,NA,NA,NA,NA,NA,NA,12,50,4.2,2,10,82,8.2,0,NA,0,18
"KEVINNORWOOD","Kevin Norwood","WR","SEA",133,315,NA,NA,NA,NA,NA,NA,NA,NA,NA,NA,NA,14,193,13.8,1,NA,0,18
"ALDRICKROBINSON","Aldrick Robinson","WR","WAS",133,315,NA,NA,NA,NA,NA,NA,NA,NA,NA,NA,NA,11,199,18.1,1,NA,0,18
"BRYCEBROWN","Bryce Brown","RB","BUF",92,318,NA,NA,NA,NA,NA,NA,NA,46,201,4.4,1,3,20,6.7,0,NA,1,17
"DAMIANWILLIAMS","Damian Williams","WR","MIA",135,318,NA,NA,NA,NA,NA,NA,NA,NA,NA,NA,NA,20,251,12.6,0,NA,0,17
"JACOBYFORD","Jacoby Ford","WR","NYJ",135,318,NA,NA,NA,NA,NA,NA,NA,NA,NA,NA,NA,19,196,10.3,1,NA,1,17
"DONTEMONCRIEF","Donte Moncrief","WR","IND",135,318,NA,NA,NA,NA,NA,NA,NA,NA,NA,NA,NA,11,186,16.9,1,NA,0,17
"JORDANPALMER","Jordan Palmer","QB","CHI",44,322,70,39,505,1,2,55.7,7.2,4,10,2.5,0,NA,NA,NA,NA,NA,0,16
"DEANTHONYTHOMAS","De'Anthony Thomas","RB","KC",93,322,NA,NA,NA,NA,NA,NA,NA,27,141,5.2,1,11,88,8,0,NA,0,16
"ISAIAHCROWELL","Isaiah Crowell","RB","CLE",94,324,NA,NA,NA,NA,NA,NA,NA,52,210,4,0,5,37,7.4,0,NA,0,15
"KRISDURHAM","Kris Durham","WR","DET",138,324,NA,NA,NA,NA,NA,NA,NA,NA,NA,NA,NA,14,172,12.3,1,NA,0,15
"RISHARDMATTHEWS","Rishard Matthews","WR","MIA",138,324,NA,NA,NA,NA,NA,NA,NA,NA,NA,NA,NA,13,164,12.6,1,NA,0,15
"JONATHANDWYER","Jonathan Dwyer","RB","ARI",95,327,NA,NA,NA,NA,NA,NA,NA,58,215,3.7,0,2,10,5,0,NA,0,14
"LORENZOTALIAFERRO","Lorenzo Taliaferro","RB","BAL",95,327,NA,NA,NA,NA,NA,NA,NA,34,150,4.4,1,4,20,5,0,NA,0,14
"CHARLESSIMS","Charles Sims","RB","TB",97,329,NA,NA,NA,NA,NA,NA,NA,31,128,4.1,0,9,63,7,1,NA,1,12
"MIKEGILLISLEE","Mike Gillislee","RB","MIA",97,329,NA,NA,NA,NA,NA,NA,NA,51,206,4,0,3,15,5,0,NA,0,12
"ROBERTHERRON","Robert Herron","WR","TB",140,329,NA,NA,NA,NA,NA,NA,NA,NA,NA,NA,NA,13,140,10.8,1,NA,0,12
"LOUISMURPHY","Louis Murphy","WR","TB",140,329,NA,NA,NA,NA,NA,NA,NA,NA,NA,NA,NA,15,206,13.7,0,NA,0,12
"LEONARDHANKERSON","Leonard Hankerson","WR","WAS",142,333,NA,NA,NA,NA,NA,NA,NA,NA,NA,NA,NA,14,180,12.9,0,NA,0,11
"ANTHONYSHERMAN","Anthony Sherman","RB","KC",99,334,NA,NA,NA,NA,NA,NA,NA,2,2,1,0,14,109,7.8,1,NA,0,10
"MATTASIATA","Matt Asiata","RB","MIN",99,334,NA,NA,NA,NA,NA,NA,NA,31,108,3.5,1,2,8,4,0,NA,0,10
"ANTONESMITH","Antone Smith","RB","ATL",99,334,NA,NA,NA,NA,NA,NA,NA,22,91,4.1,1,0,0,0,0,NA,0,10
"ERIKLORIG","Erik Lorig","RB","NO",99,334,NA,NA,NA,NA,NA,NA,NA,5,17,3.4,0,9,64,7.1,1,NA,0,10
"KYLEJUSZCZYK","Kyle Juszczyk","RB","BAL",103,338,NA,NA,NA,NA,NA,NA,NA,10,39,3.9,0,9,53,5.9,1,NA,0,9
"DANESANZENBACHER","Dane Sanzenbacher","WR","CIN",143,338,NA,NA,NA,NA,NA,NA,NA,NA,NA,NA,NA,14,167,11.9,0,NA,0,9
"JOHNKUHN","John Kuhn","RB","GB",104,340,NA,NA,NA,NA,NA,NA,NA,11,40,3.6,1,6,41,6.8,0,NA,0,8
"JOSEPHRANDLE","Joseph Randle","RB","DAL",104,340,NA,NA,NA,NA,NA,NA,NA,41,155,3.8,0,5,25,5,0,NA,0,8
"DERRICKCOLEMAN","Derrick Coleman","RB","SEA",104,340,NA,NA,NA,NA,NA,NA,NA,1,3,3,0,7,54,7.7,1,NA,0,8
"MARKSANCHEZ","Mark Sanchez","QB","PHI",45,343,10,7,86,1,0,70,8.6,4,1,0.2,0,NA,NA,NA,NA,NA,0,7
"JEDCOLLINS","Jed Collins","RB","DET",107,343,NA,NA,NA,NA,NA,NA,NA,3,8,2.7,1,9,35,3.9,0,NA,0,7
"BRANDONBOLDEN","Brandon Bolden","RB","NE",107,343,NA,NA,NA,NA,NA,NA,NA,37,156,4.2,0,0,0,0,0,NA,0,7
"JARONBROWN","Jaron Brown","WR","ARI",144,343,NA,NA,NA,NA,NA,NA,NA,NA,NA,NA,NA,10,150,15,0,NA,0,7
"GRIFFWHALEN","Griff Whalen","WR","IND",144,343,NA,NA,NA,NA,NA,NA,NA,NA,NA,NA,NA,13,156,12,0,NA,0,7
"CEDRICPEERMAN","Cedric Peerman","RB","CIN",109,348,NA,NA,NA,NA,NA,NA,NA,15,73,4.9,0,10,79,7.9,0,NA,0,6
"DARYLRICHARDSON","Daryl Richardson","RB","NYJ",109,348,NA,NA,NA,NA,NA,NA,NA,15,65,4.3,0,10,77,7.7,0,NA,0,6
"MICHAELFORD","Michael Ford","RB","CHI",109,348,NA,NA,NA,NA,NA,NA,NA,28,117,4.2,0,3,20,6.7,0,NA,0,6
"CHRISOGBONNAYA","Chris Ogbonnaya","RB","CLE",109,348,NA,NA,NA,NA,NA,NA,NA,24,95,4,0,12,81,6.8,0,NA,1,6
"DAVIDNELSON","David Nelson","WR","NYJ",146,348,NA,NA,NA,NA,NA,NA,NA,NA,NA,NA,NA,12,140,11.7,0,NA,0,6
"TJJONES","T.J. Jones","WR","DET",146,348,NA,NA,NA,NA,NA,NA,NA,NA,NA,NA,NA,9,131,14.6,0,NA,0,6
"BRUCEMILLER","Bruce Miller","RB","SF",113,354,NA,NA,NA,NA,NA,NA,NA,6,22,3.7,0,14,94,6.7,0,NA,0,5
"BENNYCUNNINGHAM","Benny Cunningham","RB","STL",113,354,NA,NA,NA,NA,NA,NA,NA,39,153,3.9,0,2,15,7.5,0,NA,1,5
"KENJONBARNER","Kenjon Barner","RB","CAR",113,354,NA,NA,NA,NA,NA,NA,NA,26,113,4.3,0,0,0,0,0,NA,0,5
"STORMJOHNSON","Storm Johnson","RB","JAC",116,357,NA,NA,NA,NA,NA,NA,NA,21,92,4.4,0,2,15,7.5,0,NA,0,4
"FRANKSUMMERS","Frank Summers","RB","BUF",116,357,NA,NA,NA,NA,NA,NA,NA,9,35,3.9,0,9,69,7.7,0,NA,0,4
"LEONWASHINGTON","Leon Washington","RB","TEN",118,359,NA,NA,NA,NA,NA,NA,NA,5,25,5,0,3,27,9,0,NA,0,2
"LAMICHAELJAMES","LaMichael James","RB","SF",118,359,NA,NA,NA,NA,NA,NA,NA,11,41,3.7,0,4,27,6.8,0,NA,0,2
"EDWINBAKER","Edwin Baker","RB","CLE",118,359,NA,NA,NA,NA,NA,NA,NA,12,55,4.6,0,0,0,0,0,NA,0,2
"JACKIEBATTLE","Jackie Battle","RB","TEN",118,359,NA,NA,NA,NA,NA,NA,NA,14,54,3.9,0,0,0,0,0,NA,0,2
"CYRUSGRAY","Cyrus Gray","RB","KC",118,359,NA,NA,NA,NA,NA,NA,NA,6,26,4.3,0,3,22,7.3,0,NA,0,2
"STANLEYHAVILI","Stanley Havili","RB","IND",118,359,NA,NA,NA,NA,NA,NA,NA,3,9,3,0,7,51,7.3,0,NA,0,2
"JAMESDEVELIN","James Develin","RB","NE",118,359,NA,NA,NA,NA,NA,NA,NA,2,5,2.5,0,8,55,6.9,0,NA,0,2
"TOMMYBOHANON","Tommy Bohanon","RB","NYJ",118,359,NA,NA,NA,NA,NA,NA,NA,2,7,3.5,0,9,54,6,0,NA,0,2
"PATRICKDIMARCO","Patrick DiMarco","RB","ATL",118,359,NA,NA,NA,NA,NA,NA,NA,2,6,3,0,9,48,5.3,0,NA,0,2
"JEROMEFELTON","Jerome Felton","RB","MIN",118,359,NA,NA,NA,NA,NA,NA,NA,2,6,3,0,6,49,8.2,0,NA,0,2
"JASONCAMPBELL","Jason Campbell","QB","CIN",46,369,35,19,246,0,1,54.3,7,1,2,2,0,NA,NA,NA,NA,NA,0,1
"BRANDONWEEDEN","Brandon Weeden","QB","DAL",46,369,35,20,208,0,1,57.1,5.9,0,0,0,0,NA,NA,NA,NA,NA,0,1
"MIGUELMAYSONET","Miguel Maysonet","RB","PIT",128,369,NA,NA,NA,NA,NA,NA,NA,9,38,4.2,0,1,4,4,0,NA,0,1
"TONYFIAMMETTA","Tony Fiammetta","RB","CHI",128,369,NA,NA,NA,NA,NA,NA,NA,0,0,0,0,6,44,7.3,0,NA,0,1
"WILLTAUFOOU","Will Ta'ufo'ou","RB","JAC",128,369,NA,NA,NA,NA,NA,NA,NA,0,0,0,0,7,29,4.1,0,NA,0,1
"WILLJOHNSON","Will Johnson","RB","PIT",128,369,NA,NA,NA,NA,NA,NA,NA,0,0,0,0,8,47,5.9,0,NA,0,1
"LONNIEPRYOR","Lonnie Pryor","RB","TB",128,369,NA,NA,NA,NA,NA,NA,NA,3,9,3,0,4,21,5.2,0,NA,0,1
"HENRYHYNOSKI","Henry Hynoski","RB","NYG",128,369,NA,NA,NA,NA,NA,NA,NA,1,2,2,0,6,35,5.8,0,NA,0,1
"JORVORSKIELANE","Jorvorskie Lane","RB","TB",128,369,NA,NA,NA,NA,NA,NA,NA,5,13,2.6,0,4,24,6,0,NA,0,1
"COLLINMOONEY","Collin Mooney","RB","TEN",135,378,NA,NA,NA,NA,NA,NA,NA,1,2,2,0,3,12,4,0,NA,0,0
"JAYPROSCH","Jay Prosch","RB","HOU",135,378,NA,NA,NA,NA,NA,NA,NA,3,13,4.3,0,2,9,4.5,0,NA,0,0
"SPENCERWARE","Spencer Ware","RB","SEA",135,378,NA,NA,NA,NA,NA,NA,NA,3,10,3.3,0,0,0,0,0,NA,0,0
"TYLERCLUTTS","Tyler Clutts","RB","DAL",135,378,NA,NA,NA,NA,NA,NA,NA,0,0,0,0,3,10,3.3,0,NA,0,0
