"name","name_yahoo","pos","team_yahoo","positionRank_yahoo","overallRank_yahoo","passYds_yahoo","passTds_yahoo","passInt_yahoo","rushYds_yahoo","rushTds_yahoo","rec_yahoo","recYds_yahoo","recTds_yahoo","twoPts_yahoo","fumbles_yahoo","pts_yahoo"
"PEYTONMANNING","Peyton Manning","QB","DEN",1,1,5399,41.1,12,-14.4,1.2,NA,0,0,1,5.5,365.29
"DREWBREES","Drew Brees","QB","NO",2,2,5112,37.9,13.9,47,0.8,NA,0,0,0.9,4.8,343.94
"AARONRODGERS","Aaron Rodgers","QB","GB",3,3,4547,31.3,8.9,264,1.7,NA,0,0,0.8,5.5,325.17
"MATTHEWSTAFFORD","Matthew Stafford","QB","DET",4,4,4960,31.5,17.9,79.2,1.3,NA,0,0,0.8,7,310.06
"MATTRYAN","Matt Ryan","QB","ATL",5,5,4910,30,15.3,75.2,0.5,NA,0,0,0.7,4.4,304.45
"NICKFOLES","Nick Foles","QB","PHI",6,6,3836,30.1,9,219,4,NA,0,0,0.8,4.4,303.71
"TOMBRADY","Tom Brady","QB","NE",7,7,4609,30,10,26.4,2.3,NA,0,0,0.8,5.2,301.8
"ROBERTGRIFFIN","Robert Griffin III","QB","WAS",8,8,3962,23.4,12.3,584,2.2,NA,0,0,0.6,6.3,300.14
"ANDREWLUCK","Andrew Luck","QB","IND",9,9,4072,28.5,14,344,1.5,NA,0,0,0.7,4.1,299.55
"TONYROMO","Tony Romo","QB","DAL",10,10,4784,28.9,13.8,40.2,0.9,NA,0,0,0.7,3.5,296.85
"CAMNEWTON","Cam Newton","QB","CAR",11,11,3541,20.8,14.5,592,3.7,NA,0,0,0.6,3.6,285.91
"COLINKAEPERNICK","Colin Kaepernick","QB","SF",12,12,3236,22.7,9.5,665,1.6,NA,0,0,0.6,4.9,278.33
"JAYCUTLER","Jay Cutler","QB","CHI",13,13,3977,28.7,16.7,193,0.9,NA,0,0,0.7,4.4,274.14
"PHILIPRIVERS","Philip Rivers","QB","SD",14,14,4081,28.9,13.4,69.1,0.9,NA,0,0,0.7,3.3,272.88
"ALEXSMITH","Alex Smith","QB","KC",15,15,3923,22.4,8.3,360,0.9,NA,0,0,0.5,4.8,271.15
"RUSSELLWILSON","Russell Wilson","QB","SEA",16,16,3176,25.3,9,482,1.5,NA,0,0,0.6,5.7,266.08
"RYANTANNEHILL","Ryan Tannehill","QB","MIA",17,17,4001,22.3,15.6,247,2.7,NA,0,0,0.6,5.1,265.03
"JOHNNYMANZIEL","Johnny Manziel","QB","CLE",18,18,3533,20.3,16.1,520,2.6,NA,0,0,0.5,5.4,264.26
"ANDYDALTON","Andy Dalton","QB","CIN",19,19,3750,27,16.1,166,1.5,NA,0,0,0.7,4.1,260.33
"JAKELOCKER","Jake Locker","QB","TEN",20,20,3868,21.5,13,293,0.7,NA,0,0,0.5,5.1,251.87
"JAMAALCHARLES","Jamaal Charles","RB","KC",1,21,0,0,0,1141,11.1,NA,582,2.5,0.3,2.5,249.33
"BENROETHLISBERGER","Ben Roethlisberger","QB","PIT",21,22,3966,24,11.6,105,0.6,NA,0,0,0.6,5,247.99
"JOEFLACCO","Joe Flacco","QB","BAL",22,23,3773,23.2,13.9,107,1.1,NA,0,0,0.6,4.7,238.86
"ELIMANNING","Eli Manning","QB","NYG",23,24,4276,22.1,22.5,41.7,0.4,NA,0,0,0.5,5.1,234.33
"CARSONPALMER","Carson Palmer","QB","ARI",24,25,4011,22.4,20.1,46.6,1.1,NA,0,0,0.5,4.3,233.6
"EJMANUEL","EJ Manuel","QB","BUF",25,26,3637,16.7,9.2,239,2.5,NA,0,0,0.5,6,231.14
"GENOSMITH","Geno Smith","QB","NYJ",26,27,3327,16.6,13.3,339,3.3,NA,0,0,0.5,5.1,230.69
"LESEANMCCOY","LeSean McCoy","RB","PHI",2,28,0,0,0,1274,10,NA,353,1.7,0.2,1.6,230.08
"ADRIANPETERSON","Adrian Peterson","RB","MIN",3,29,0,0,0,1265,10.5,NA,377,1.4,0.2,3.1,229.97
"MATTFORTE","Matt Forte","RB","CHI",4,30,0,0,0,1161,7.9,NA,538,2,0.2,2.2,225.51
"SAMBRADFORD","Sam Bradford","QB","STL",27,31,3694,19.3,10.2,92,1.3,NA,0,0,0.5,4.3,223.95
"EDDIELACY","Eddie Lacy","RB","GB",5,32,0,0,0,1169,10.5,NA,370,1.6,0.2,1.9,222.91
"RYANFITZPATRICK","Ryan Fitzpatrick","QB","HOU",28,33,3611,17.5,17.2,249,0.9,NA,0,0,0.4,6.2,215.84
"DEZBRYANT","Dez Bryant","WR","DAL",1,34,0,0,0,0,0,NA,1457,10.6,0.3,1.5,206.87
"MARSHAWNLYNCH","Marshawn Lynch","RB","SEA",6,35,0,0,0,1135,10.7,NA,246,1.1,0.2,2.2,205.17
"CALVINJOHNSON","Calvin Johnson","WR","DET",2,36,0,0,0,0,0,NA,1380,11.1,0.3,0.7,203.9
"DEMARYIUSTHOMAS","Demaryius Thomas","WR","DEN",3,37,0,0,0,0,0,NA,1368,10.2,0.2,1,196.38
"DEMARCOMURRAY","DeMarco Murray","RB","DAL",7,38,0,0,0,934,8.7,NA,449,1.4,0.2,2,195.11
"ARIANFOSTER","Arian Foster","RB","HOU",8,39,0,0,0,1054,7.8,NA,378,0.9,0.2,1.2,193.28
"JULIOJONES","Julio Jones","WR","ATL",4,40,0,0,0,9.2,0,NA,1371,9.4,0.2,1,193.02
"MONTEEBALL","Montee Ball","RB","DEN",9,41,0,0,0,1031,7.1,NA,424,1.3,0.2,2.8,190.59
"BRANDONMARSHALL","Brandon Marshall","WR","CHI",5,41,0,0,0,0,0,NA,1280,10.5,0.3,0.4,190.59
"ZACSTACY","Zac Stacy","RB","STL",10,43,0,0,0,1051,8.3,NA,322,0.9,0.2,1.6,189.47
"ANDREELLINGTON","Andre Ellington","RB","ARI",11,44,0,0,0,1033,5.1,NA,471,1.3,0.2,1.6,185.22
"JIMMYGRAHAM","Jimmy Graham","TE","NO",1,45,0,0,0,0,0,NA,1116,12.1,0.3,0.3,184.16
"AJGREEN","A.J. Green","WR","CIN",6,46,0,0,0,0,0,NA,1220,10.1,0.2,0.6,181.59
"LEVEONBELL","Le'Veon Bell","RB","PIT",12,47,0,0,0,900,6,NA,432,2.2,0.2,1.4,180.25
"DOUGMARTIN","Doug Martin","RB","TB",13,48,0,0,0,1048,5.5,NA,380,1.3,0.2,1.9,180.2
"GIOVANIBERNARD","Giovani Bernard","RB","CIN",14,49,0,0,0,898,6,NA,450,1.4,0.2,1.8,175.81
"ALFREDMORRIS","Alfred Morris","RB","WAS",15,50,0,0,0,1146,8.8,NA,105,0.4,0.2,2.7,175.49
"ALSHONJEFFERY","Alshon Jeffery","WR","CHI",7,51,0,0,0,93.1,0.3,NA,1181,8,0.2,1.3,174.81
"TOBYGERHART","Toby Gerhart","RB","JAX",16,52,0,0,0,1116,5.3,NA,304,1,0.2,3,174.07
"JOSHMCCOWN","Josh McCown","QB","TB",29,53,2869,14.7,7.4,90.8,0.5,NA,0,0,0.4,3.3,172.47
"CHADHENNE","Chad Henne","QB","JAX",30,54,3042,13.2,12.7,84.1,0.7,NA,0,0,0.4,2.8,169.43
"JORDYNELSON","Jordy Nelson","WR","GB",8,55,0,0,0,0,0,NA,1174,8.5,0.2,0.3,168.07
"ANTONIOBROWN","Antonio Brown","WR","PIT",9,56,0,0,0,43.6,0.1,NA,1233,6.2,0.2,0.5,167.97
"ROBGRONKOWSKI","Rob Gronkowski","TE","NE",2,57,0,0,0,0,0,NA,1072,9.9,0.2,0.5,165.71
"RANDALLCOBB","Randall Cobb","WR","GB",10,58,0,0,0,72.6,0.3,NA,1074,7.6,0.2,0.6,161.95
"FRANKGORE","Frank Gore","RB","SF",17,59,0,0,0,922,8.6,NA,175,0.5,0.2,1.7,161.01
"CJSPILLER","C.J. Spiller","RB","BUF",18,60,0,0,0,984,3.8,NA,397,0.8,0.2,2.6,160.72
"RYANMATHEWS","Ryan Mathews","RB","SD",19,61,0,0,0,1039,5.1,NA,238,0.6,0.2,1.6,158.85
"LARRYFITZGERALD","Larry Fitzgerald","WR","ARI",11,62,0,0,0,11.2,0,NA,1062,8.1,0.2,0.6,154.89
"VINCENTJACKSON","Vincent Jackson","WR","TB",12,63,0,0,0,0,0,NA,1208,5.5,0.2,0.6,152.85
"KEENANALLEN","Keenan Allen","WR","SD",13,64,0,0,0,0,0,NA,1033,8.1,0.2,0.6,151.81
"VICTORCRUZ","Victor Cruz","WR","NYG",14,65,0,0,0,0,0,NA,1171,5.9,0.2,0.7,151.27
"ANDREJOHNSON","Andre Johnson","WR","HOU",15,66,0,0,0,0,0,NA,1172,5.5,0.2,0.3,150
"RASHADJENNINGS","Rashad Jennings","RB","NYG",20,67,0,0,0,767,5,NA,394,0.8,0.2,0.9,149.42
"STEVENJACKSON","Steven Jackson","RB","ATL",21,68,0,0,0,730,6.5,NA,294,1.5,0.2,0.9,148.7
"MIKEWALLACE","Mike Wallace","WR","MIA",16,69,0,0,0,23.1,0.1,NA,1099,5.8,0.2,0.3,147.51
"PIERREGARCON","Pierre Garcon","WR","WAS",17,70,0,0,0,11.5,0,NA,1074,6.6,0.2,0.6,147.36
"RODDYWHITE","Roddy White","WR","ATL",18,71,0,0,0,0,0,NA,1109,6.4,0.2,1.2,147.24
"LAMARMILLER","Lamar Miller","RB","MIA",22,72,0,0,0,960,4.9,NA,202,0.7,0.2,1.4,147.16
"RAYRICE","Ray Rice","RB","BAL",23,73,0,0,0,735,6.4,NA,304,1.1,0.1,1.5,146.28
"WESWELKER","Wes Welker","WR","DEN",19,74,0,0,0,0,0,NA,962,7.8,0.2,0.3,145.18
"TRENTRICHARDSON","Trent Richardson","RB","IND",24,75,0,0,0,771,7.2,NA,239,0.6,0.2,2,144.63
"JOIQUEBELL","Joique Bell","RB","DET",25,76,0,0,0,677,6,NA,380,1,0.2,2,144.25
"DESEANJACKSON","DeSean Jackson","WR","WAS",20,77,0,0,0,34.3,0.2,NA,1026,5.9,0.2,0.6,142.52
"MICHAELFLOYD","Michael Floyd","WR","ARI",21,78,0,0,0,0,0,NA,1073,5.9,0.2,0.3,142.48
"JULIANEDELMAN","Julian Edelman","WR","NE",22,79,0,0,0,12.7,0,NA,1016,6,0.2,0.3,141.77
"CORDARRELLEPATTERSON","Cordarrelle Patterson","WR","MIN",23,80,0,0,0,69.7,0.3,NA,933,6.2,0.2,0.3,141.7
"CHRISJOHNSON","Chris Johnson","RB","NYJ",26,81,0,0,0,809,4.7,NA,290,1,0.2,1.6,141.21
"MATTCASSEL","Matt Cassel","QB","MIN",31,82,2246,12.8,8.9,98.8,0.4,NA,0,0,0.3,2.6,139.85
"MARQUESCOLSTON","Marques Colston","WR","NO",24,83,0,0,0,0,0,NA,972,7.1,0.2,0.3,139.17
"KENDALLWRIGHT","Kendall Wright","WR","TEN",25,84,0,0,0,10.9,0,NA,1083,5.2,0.2,1,138.92
"TYHILTON","T.Y. Hilton","WR","IND",26,85,0,0,0,10.6,0,NA,991,6.1,0.2,0.3,138.64
"REGGIEBUSH","Reggie Bush","RB","DET",27,86,0,0,0,627,3,NA,514,1.5,0.2,2,137.57
"TORREYSMITH","Torrey Smith","WR","BAL",27,87,0,0,0,0,0,NA,1001,6.4,0.2,0.6,137.55
"SHANEVEREEN","Shane Vereen","RB","NE",28,88,0,0,0,340,3.8,NA,640,2.8,0.2,1,135.84
"ERICDECKER","Eric Decker","WR","NYJ",28,89,0,0,0,0,0,NA,1034,5.6,0.2,0.8,135.4
"PERCYHARVIN","Percy Harvin","WR","SEA",29,90,0,0,0,111,0.6,NA,809,6.1,0.2,0.8,134.13
"TERRANCEWILLIAMS","Terrance Williams","WR","DAL",30,91,0,0,0,19.6,0.1,NA,964,5.9,0.2,0.6,133.62
"BISHOPSANKEY","Bishop Sankey","RB","TEN",29,92,0,0,0,802,5.4,NA,196,0.7,0.2,1.8,132.88
"EMMANUELSANDERS","Emmanuel Sanders","WR","DEN",31,93,0,0,0,12.2,0,NA,924,6.7,0.2,0.6,132.6
"STEVANRIDLEY","Stevan Ridley","RB","NE",30,94,0,0,0,828,7.9,NA,38.4,0.2,0.2,2,131.43
"JORDANCAMERON","Jordan Cameron","TE","CLE",3,95,0,0,0,0,0,NA,835,7.9,0.2,0.5,130.31
"RUEBENRANDLE","Rueben Randle","WR","NYG",32,96,0,0,0,0,0,NA,939,5.8,0.2,0.5,128.85
"PIERRETHOMAS","Pierre Thomas","RB","NO",31,97,0,0,0,487,2.9,NA,501,2.3,0.2,1,128.17
"JULIUSTHOMAS","Julius Thomas","TE","DEN",4,98,0,0,0,0,0,NA,806,8,0.2,0.5,127.79
"MICHAELCRABTREE","Michael Crabtree","WR","SF",33,99,0,0,0,11.8,0,NA,915,5.9,0.2,0.5,127.62
"BENTATE","Ben Tate","RB","CLE",32,100,0,0,0,778,5.6,NA,156,0.3,0.2,2.3,124.8
"MAURICEJONESDREW","Maurice Jones-Drew","RB","ONE",33,101,0,0,0,690,5.6,NA,198,0.6,0.2,1,123.7
"FREDJACKSON","Fred Jackson","RB","BUF",34,102,0,0,0,606,5.8,NA,266,0.5,0.2,1.4,122.52
"GOLDENTATE","Golden Tate","WR","DET",34,103,0,0,0,10.7,0,NA,938,4.7,0.2,0.6,122.23
"JASONWITTEN","Jason Witten","TE","DAL",5,104,0,0,0,0,0,NA,872,5.8,0.2,0.3,121.36
"GREGOLSEN","Greg Olsen","TE","CAR",6,105,0,0,0,0,0,NA,843,6.2,0.2,0.3,120.93
"DANNYWOODHEAD","Danny Woodhead","RB","SD",35,106,0,0,0,414,3.4,NA,462,2.4,0.2,1.1,120.64
"MARKUSWHEATON","Markus Wheaton","WR","PIT",35,107,0,0,0,10.9,0,NA,856,5.7,0.2,0.5,120.2
"DWAYNEBOWE","Dwayne Bowe","WR","KC",36,108,0,0,0,0,0,NA,911,4.8,0.2,0.3,119.56
"GREGJENNINGS","Greg Jennings","WR","MIN",37,109,0,0,0,0,0,NA,912,4.8,0.2,0.3,119.36
"DEANDREHOPKINS","DeAndre Hopkins","WR","HOU",38,110,0,0,0,0,0,NA,902,4.9,0.2,0.6,118.87
"CECILSHORTS","Cecil Shorts III","WR","JAX",39,111,0,0,0,0,0,NA,922,4.3,0.2,0.3,117.46
"SAMMYWATKINS","Sammy Watkins","WR","BUF",40,112,0,0,0,0,0,NA,891,4.7,0.2,0.6,116.44
"KELVINBENJAMIN","Kelvin Benjamin","WR","CAR",41,113,0,0,0,11,0,NA,848,5.2,0.2,0.5,116.32
"JEREMYHILL","Jeremy Hill","RB","CIN",36,114,0,0,0,686,6.9,NA,62.7,0.3,0.2,1.5,115.65
"MIKEEVANS","Mike Evans","WR","TB",42,115,0,0,0,0,0,NA,876,4.7,0.2,0.5,115.23
"BRIANHARTLINE","Brian Hartline","WR","MIA",43,116,0,0,0,0,0,NA,912,4.1,0.2,0.3,115.21
"JUSTINHUNTER","Justin Hunter","WR","TEN",44,117,0,0,0,10.9,0,NA,800,5.8,0.2,0.4,115.12
"JEREMYMACLIN","Jeremy Maclin","WR","PHI",45,118,0,0,0,0,0,NA,802,5.9,0.2,0.5,115.11
"BERNARDPIERCE","Bernard Pierce","RB","BAL",37,119,0,0,0,716,4.2,NA,181,0.4,0.1,1.2,114.95
"BRANDINCOOKS","Brandin Cooks","WR","NO",46,120,0,0,0,21.9,0,NA,821,5.1,0.2,0.6,114.28
"KENNYBRITT","Kenny Britt","WR","STL",47,121,0,0,0,0,0,NA,833,5.3,0.2,0.8,113.88
"DARRENMCFADDEN","Darren McFadden","RB","OAK",38,122,0,0,0,574,4.3,NA,268,0.9,0.2,1.2,113.12
"REGGIEWAYNE","Reggie Wayne","WR","IND",48,123,0,0,0,10.6,0,NA,795,5.5,0.2,0.3,113.06
"DEREKCARR","Derek Carr","QB","OAK",32,124,1980,9.9,11.1,73.4,0.3,NA,0,0,0.2,2.7,112.02
"TEDDYBRIDGEWATER","Teddy Bridgewater","QB","MIN",33,125,1754,9.9,6.9,87.1,0.7,NA,0,0,0.3,2.3,111.47
"MARTELLUSBENNETT","Martellus Bennett","TE","CHI",7,126,0,0,0,0,0,NA,710,6.4,0.2,0.5,108.51
"KENNYSTILLS","Kenny Stills","WR","NO",49,127,0,0,0,11,0,NA,766,4.9,0.2,0.5,106.2
"MATTSCHAUB","Matt Schaub","QB","OAK",34,128,1938,9,8.1,15.5,0.3,NA,0,0,0.2,1.6,105.72
"JARRETTBOYKIN","Jarrett Boykin","WR","GB",50,129,0,0,0,0,0,NA,761,5,0.2,0.5,105.62
"TERRANCEWEST","Terrance West","RB","CLE",39,130,0,0,0,541,4.2,NA,221,0.8,0.2,1.3,104.06
"JORDANREED","Jordan Reed","TE","WAS",8,131,0,0,0,0,0,NA,735,5,0.2,0.5,102.67
"MARKINGRAM","Mark Ingram","RB","NO",40,132,0,0,0,616,3.5,NA,170,0.8,0.1,1.1,102.28
"DENNISPITTA","Dennis Pitta","TE","BAL",9,133,0,0,0,0,0,NA,697,5.4,0.2,0.3,101.8
"VERNONDAVIS","Vernon Davis","TE","SF",10,134,0,0,0,0,0,NA,627,6.6,0.2,0.5,101.74
"DOUGBALDWIN","Doug Baldwin","WR","SEA",51,135,0,0,0,11.9,0,NA,711,4.7,0.2,0.2,100.71
"MARQISELEE","Marqise Lee","WR","JAX",52,136,0,0,0,0,0,NA,823,3.1,0,0.5,100.17
"SHONNGREENE","Shonn Greene","RB","TEN",41,137,0,0,0,602,5.2,NA,78.2,0.2,0.2,0.6,99.83
"KYLERUDOLPH","Kyle Rudolph","TE","MIN",11,138,0,0,0,0,0,NA,725,4.5,0.2,0.3,99.24
"ANDREHOLMES","Andre Holmes","WR","OAK",53,139,0,0,0,0,0,NA,728,4.5,0.2,0.4,99.18
"HAKEEMNICKS","Hakeem Nicks","WR","IND",54,140,0,0,0,0,0,NA,658,5.3,0.2,0.2,97.86
"MARVINJONES","Marvin Jones","WR","CIN",55,141,0,0,0,42.1,0.1,NA,622,5.1,0.1,0.3,97.49
"ZACHERTZ","Zach Ertz","TE","PHI",12,142,0,0,0,0,0,NA,594,6.4,0.2,0.4,97.17
"ANQUANBOLDIN","Anquan Boldin","WR","SF",56,143,0,0,0,11.8,0,NA,728,3.9,0.2,0.3,97.06
"RILEYCOOPER","Riley Cooper","WR","PHI",57,144,0,0,0,0,0,NA,638,5.4,0.2,0.2,95.98
"HARRYDOUGLAS","Harry Douglas","WR","ATL",58,145,0,0,0,0,0,NA,755,3.5,0.1,0.8,95.12
"AARONDOBSON","Aaron Dobson","WR","NE",59,146,0,0,0,0,0,NA,662,4.8,0.2,0.3,94.87
"NATEWASHINGTON","Nate Washington","WR","TEN",60,147,0,0,0,0,0,NA,773,2.9,0,0.2,94.49
"RODSTREATER","Rod Streater","WR","OAK",61,148,0,0,0,21.9,0,NA,745,3,0,0.5,93.98
"DELANIEWALKER","Delanie Walker","TE","TEN",13,149,0,0,0,0,0,NA,609,5.6,0.2,0.5,93.83
"HEATHMILLER","Heath Miller","TE","PIT",14,150,0,0,0,0,0,NA,652,4.9,0.2,0.6,93.53
"CHARLESCLAY","Charles Clay","TE","MIA",15,151,0,0,0,18.9,0,NA,621,4.9,0.2,0.3,93.11
"LANCEDUNBAR","Lance Dunbar","RB","DAL",42,152,0,0,0,445,2.6,NA,289,1,0,1.1,92.69
"MALCOMFLOYD","Malcom Floyd","WR","SD",62,153,0,0,0,0,0,NA,608,5.1,0.2,0.2,91.64
"DARRENSPROLES","Darren Sproles","RB","PHI",43,154,0,0,0,271,2.1,NA,402,1.7,0.1,0.6,91.13
"DEANGELOWILLIAMS","DeAngelo Williams","RB","CAR",44,155,0,0,0,573,2.7,NA,178,0.4,0,1.3,90.99
"ANDREWHAWKINS","Andrew Hawkins","WR","CLE",63,156,0,0,0,22.9,0.1,NA,709,3,0,0.7,90.16
"STEVESMITH","Steve Smith Sr.","WR","BAL",64,157,0,0,0,0,0,NA,674,3.8,0.2,0.2,90.06
"ANDREWILLIAMS","Andre Williams","RB","NYG",45,158,0,0,0,560,4.6,NA,71.2,0.2,0.1,1.2,89.86
"ODELLBECKHAM","Odell Beckham Jr.","WR","NYG",65,159,0,0,0,0,0,NA,677,3.7,0.1,0.4,89.37
"CHRISIVORY","Chris Ivory","RB","NYJ",46,160,0,0,0,615,4.4,NA,28.8,0.1,0.1,1.1,89.15
"JAMESJONES","James Jones","WR","OAK",66,161,0,0,0,0,0,NA,692,3.5,0.1,0.8,89.08
"TAVONAUSTIN","Tavon Austin","WR","STL",67,162,0,0,0,67.1,0.2,NA,620,2.5,0,0.7,88.91
"JORDANMATTHEWS","Jordan Matthews","WR","PHI",68,163,0,0,0,0,0,NA,586,5,0.2,0.4,88.25
"AHMADBRADSHAW","Ahmad Bradshaw","RB","IND",47,164,0,0,0,453,4.3,NA,152,0.6,0.2,1.1,87.79
"LADARIUSGREEN","Ladarius Green","TE","SD",16,165,0,0,0,0,0,NA,609,4.5,0.2,0.3,87.49
"KNOWSHONMORENO","Knowshon Moreno","RB","MIA",48,166,0,0,0,409,3.4,NA,239,0.7,0.1,0.8,87.42
"ANDREROBERTS","Andre Roberts","WR","WAS",69,167,0,0,0,11.5,0,NA,621,3.6,0.1,0.5,85.62
"JERRICHOCOTCHERY","Jerricho Cotchery","WR","CAR",70,168,0,0,0,0,0,NA,597,4.2,0.2,0.3,84.82
"CARLOSHYDE","Carlos Hyde","RB","SF",49,169,0,0,0,484,5.3,NA,53.4,0.2,0.2,1,84.69
"ROBERTWOODS","Robert Woods","WR","BUF",71,170,0,0,0,13.4,0,NA,646,3.1,0,0.4,83.75
"DONNIEAVERY","Donnie Avery","WR","KC",72,171,0,0,0,10.3,0,NA,649,2.8,0,0.4,81.98
"JONATHANSTEWART","Jonathan Stewart","RB","CAR",50,172,0,0,0,493,3.5,NA,120,0.3,0,1.2,81.39
"JEREMYKERLEY","Jeremy Kerley","WR","NYJ",73,173,0,0,0,25.7,0.2,NA,627,2.3,0,0.5,81.21
"DEVONTAFREEMAN","Devonta Freeman","RB","ATL",51,174,0,0,0,366,2.5,NA,253,1,0,1,80.97
"JAREDCOOK","Jared Cook","TE","STL",17,175,0,0,0,0,0,NA,619,3.2,0.1,0.5,80.58
"BRANDONGIBSON","Brandon Gibson","WR","MIA",74,176,0,0,0,0,0,NA,561,4.1,0.2,0.3,80.54
"MILESAUSTIN","Miles Austin","WR","CLE",75,177,0,0,0,0,0,NA,631,2.9,0,0.5,79.65
"ANTONIOGATES","Antonio Gates","TE","SD",18,178,0,0,0,0,0,NA,528,4.5,0.2,0.5,79.07
"GARRETTGRAHAM","Garrett Graham","TE","HOU",19,179,0,0,0,0,0,NA,569,3.8,0.2,0.4,78.93
"MARCEDESLEWIS","Marcedes Lewis","TE","JAX",20,180,0,0,0,0,0,NA,557,3.9,0.2,0.5,78.41
"JAMESWHITE","James White","RB","NE",52,181,0,0,0,447,4.3,NA,76.9,0.3,0.1,1,78.17
"TRAVISKELCE","Travis Kelce","TE","KC",21,182,0,0,0,0,0,NA,541,4,0.2,0.4,77.82
"ERICEBRON","Eric Ebron","TE","DET",22,183,0,0,0,0,0,NA,503,4.6,0.2,0.3,77.67
"JERMAINEKEARSE","Jermaine Kearse","WR","SEA",76,184,0,0,0,0,0,NA,469,5.1,0.2,0.3,77.17
"BRIANQUICK","Brian Quick","WR","STL",77,185,0,0,0,0,0,NA,550,3.6,0.1,0.3,76.12
"DEXTERMCCLUSTER","Dexter McCluster","RB","TEN",53,186,0,0,0,135,0.8,NA,423,1.4,0,0.3,72.16
"ALLENROBINSON","Allen Robinson","WR","JAX",78,187,0,0,0,0,0,NA,576,2.4,0,0.3,71.25
"COBYFLEENER","Coby Fleener","TE","IND",23,188,0,0,0,0,0,NA,448,4.4,0.2,0.3,70.86
"MIKEWILLIAMS","Mike Williams","WR","BUF",79,189,0,0,0,0,0,NA,535,3,0,0.5,70.76
"MIKEGLENNON","Mike Glennon","QB","TB",35,190,1201,6,2.3,12.4,0.2,NA,0,0,0.1,1.4,69.89
"LEVINETOILOLO","Levine Toilolo","TE","ATL",24,191,0,0,0,0,0,NA,436,4.3,0.2,0.3,69.28
"DWAYNEALLEN","Dwayne Allen","TE","IND",25,192,0,0,0,0,0,NA,473,3.7,0.2,0.3,68.93
"ROYHELU","Roy Helu Jr.","RB","WAS",54,193,0,0,0,229,2.3,NA,290,0.8,0,1,68.61
"KNILEDAVIS","Knile Davis","RB","KC",55,194,0,0,0,266,3,NA,139,0.7,0,0.8,68.08
"DONALDBROWN","Donald Brown","RB","SD",56,195,0,0,0,393,2.5,NA,101,0.5,0,0.6,67.08
"TYLEREIFERT","Tyler Eifert","TE","CIN",26,196,0,0,0,0,0,NA,451,3.7,0.2,0.3,66.85
"LANCEMOORE","Lance Moore","WR","PIT",80,197,0,0,0,0,0,NA,497,2.9,0,0.2,66.71
"JACQUIZZRODGERS","Jacquizz Rodgers","RB","ATL",57,198,0,0,0,170,1.1,NA,354,1.4,0,0.5,66.35
"SCOTTCHANDLER","Scott Chandler","TE","BUF",27,199,0,0,0,0,0,NA,510,2.6,0,0.4,65.88
"STEPFANTAYLOR","Stepfan Taylor","RB","ARI",58,200,0,0,0,329,3.4,NA,107,0.4,0.1,0.8,64.62
"KHIRYROBINSON","Khiry Robinson","RB","NO",59,201,0,0,0,411,2.3,NA,84.2,0.3,0,0.5,64.52
"CODYLATIMER","Cody Latimer","WR","DEN",81,202,0,0,0,0,0,NA,438,3.5,0.1,0.3,64.16
"LEGARRETTEBLOUNT","LeGarrette Blount","RB","PIT",60,203,0,0,0,528,1.9,NA,17.5,0,0,1.1,63.85
"BRANDONLAFELL","Brandon LaFell","WR","NE",82,204,0,0,0,0,0,NA,491,2.6,0,0.3,63.79
"MOHAMEDSANU","Mohamed Sanu","WR","CIN",83,205,0,0,0,26.1,0.1,NA,433,3,0,0.4,63.66
"RONNIEHILLMAN","Ronnie Hillman","RB","DEN",61,206,0,0,0,383,1.8,NA,135,0.7,0,1.5,63.58
"MIKETOLBERT","Mike Tolbert","RB","CAR",62,207,0,0,0,222,3.3,NA,181,0.7,0.1,0.3,63.52
"JOHNBROWN","John Brown","WR","ARI",84,208,0,0,0,11.2,0,NA,483,2.3,0,0.4,63.25
"BRANDONBOSTICK","Brandon Bostick","TE","GB",28,209,0,0,0,0,0,NA,423,3.3,0.1,0.3,61.32
"BOBBYRAINEY","Bobby Rainey","RB","TB",63,210,0,0,0,323,2.8,NA,115,0.3,0,0.6,61.22
"STEVIEJOHNSON","Stevie Johnson","WR","SF",85,211,0,0,0,0,0,NA,423,3.3,0.1,0.3,61.21
"MYCHALRIVERA","Mychal Rivera","TE","OAK",29,212,0,0,0,0,0,NA,466,2.5,0,0.3,60.81
"BENNYCUNNINGHAM","Benny Cunningham","RB","STL",64,213,0,0,0,356,2,NA,127,0.4,0,1.6,60.56
"JORDANTODMAN","Jordan Todman","RB","JAX",65,214,0,0,0,282,2.1,NA,137,0.5,0,0.3,57.84
"BLAKEBORTLES","Blake Bortles","QB","JAX",36,215,956,4.7,4.4,54.1,0.2,NA,0,0,0.1,1.3,57
"EDDIEROYAL","Eddie Royal","WR","SD",86,216,0,0,0,25.1,0.1,NA,380,2.4,0,0.2,56.77
"AJJENKINS","A.J. Jenkins","WR","KC",87,217,0,0,0,10.3,0,NA,419,2.3,0,0.3,56.1
"ZACHMILLER","Zach Miller","TE","SEA",30,218,0,0,0,0,0,NA,342,3.5,0.1,0.2,55.23
"JAMESSTARKS","James Starks","RB","GB",66,219,0,0,0,341,2.1,NA,74.8,0.3,0,0.6,54.55
"BILALPOWELL","Bilal Powell","RB","NYJ",67,220,0,0,0,253,2.1,NA,147,0.4,0,0.5,54
"MARCELREECE","Marcel Reece","RB","OAK",68,221,0,0,0,88.2,0.6,NA,325,1.6,0,0.2,53.73
"BRANDONPETTIGREW","Brandon Pettigrew","TE","DET",31,222,0,0,0,0,0,NA,383,2.5,0,0.3,52.83
"CJANDERSON","C.J. Anderson","RB","DEN",69,223,0,0,0,308,1.7,NA,89.8,0.5,0,0.7,51.36
"MARLONBROWN","Marlon Brown","WR","BAL",88,224,0,0,0,0,0,NA,347,2.8,0,0.2,51.09
"JONATHANGRIMES","Jonathan Grimes","RB","HOU",70,225,0,0,0,282,2,NA,102,0.3,0,0.8,50.96
"CHRISPOLK","Chris Polk","RB","PHI",71,226,0,0,0,311,2.7,NA,32.1,0.2,0,0.6,50.33
"JOHNCARLSON","John Carlson","TE","ARI",32,227,0,0,0,0,0,NA,370,2.1,0,0.2,49.44
"JONATHANDWYER","Jonathan Dwyer","RB","ARI",72,228,0,0,0,274,1.9,NA,88.8,0.3,0,0.3,49.24
"PEYTONHILLIS","Peyton Hillis","RB","NYG",73,229,0,0,0,213,1.5,NA,181,0.4,0,0.8,49.22
"NATEBURLESON","Nate Burleson","WR","CLE",89,230,0,0,0,0,0,NA,394,1.7,0,0.3,48.88
"DANNYAMENDOLA","Danny Amendola","WR","NE",90,231,0,0,0,12.7,0,NA,371,1.7,0,0.2,48.35
"MIKETHOMAS","Mike Thomas","WR","HOU",91,232,0,0,0,0,0,NA,372,1.3,0,0.2,48.18
"LARRYDONNELL","Larry Donnell","TE","NYG",33,233,0,0,0,0,0,NA,336,2.4,0,0.2,47.52
"BRENTCELEK","Brent Celek","TE","PHI",34,234,0,0,0,0,0,NA,308,2.8,0,0.2,47.42
"JASONAVANT","Jason Avant","WR","CAR",92,235,0,0,0,0,0,NA,374,1.8,0,0.3,47.38
"JEFFCUMBERLAND","Jeff Cumberland","TE","NYJ",35,236,0,0,0,0,0,NA,327,2.4,0,0.2,46.99
"JEROMESIMPSON","Jerome Simpson","WR","MIN",93,237,0,0,0,0,0,NA,356,2,0,0.3,46.67
"ANTHONYFASANO","Anthony Fasano","TE","KC",36,238,0,0,0,0,0,NA,292,2.9,0,0.2,46.03
"JERMAINEGRESHAM","Jermaine Gresham","TE","CIN",37,239,0,0,0,0,0,NA,331,2.3,0,0.7,45.53
"MATTASIATA","Matt Asiata","RB","MIN",74,240,0,0,0,216,2.7,NA,67.2,0.2,0,0.6,44.71
"COLEBEASLEY","Cole Beasley","WR","DAL",94,241,0,0,0,0,0,NA,359,1.5,0,0.3,44.46
"AUSTINSEFERIANJENKINS","Austin Seferian-Jenkins","TE","RIA",38,242,0,0,0,0,0,NA,310,2.2,0.1,0.2,44.09
"KADEEMCAREY","Ka'Deem Carey","RB","CHI",75,243,0,0,0,245,2.3,NA,52,0.2,0,0.5,43.88
"JACEAMARO","Jace Amaro","TE","NYJ",39,244,0,0,0,0,0,NA,316,2,0,0.2,43.31
"TIMWRIGHT","Tim Wright","TE","TB",40,245,0,0,0,0,0,NA,320,1.7,0,0.2,41.8
"LOUISMURPHY","Louis Murphy Jr.","WR","TB",95,246,0,0,0,0,0,NA,305,2,0,0.3,41.76
"THEORIDDICK","Theo Riddick","RB","DET",76,247,0,0,0,141,1,NA,171,0.9,0,0.5,41.48
"CHRISTINEMICHAEL","Christine Michael","RB","SEA",77,248,0,0,0,272,1.9,NA,26.4,0.2,0,0.5,41.21
"TEDGINN","Ted Ginn Jr.","WR","ARI",96,249,0,0,0,0,0,NA,288,1.5,0,0.2,40.55
"JERICKMCKINNON","Jerick McKinnon","RB","MIN",78,250,0,0,0,153,1.4,NA,137,0.5,0,0.5,39.03
"BRANDONBOLDEN","Brandon Bolden","RB","NE",79,251,0,0,0,198,2.5,NA,38.4,0.2,0,0.2,39.01
"DAVIDNELSON","David Nelson","WR","NYJ",97,252,0,0,0,0,0,NA,288,1.7,0,0.2,38.69
"BRANDONMYERS","Brandon Myers","TE","TB",41,253,0,0,0,0,0,NA,274,1.8,0,0.1,37.89
"LANCEKENDRICKS","Lance Kendricks","TE","STL",42,254,0,0,0,0,0,NA,252,2,0,0.2,37.1
"ISAIAHCROWELL","Isaiah Crowell","RB","CLE",80,255,0,0,0,214,1.5,NA,62,0.2,0,0.5,36.83
"CHRISHOGAN","Chris Hogan","WR","BUF",98,256,0,0,0,0,0,NA,287,1.3,0,0.2,36.12
"GAVINESCOBAR","Gavin Escobar","TE","DAL",43,257,0,0,0,0,0,NA,245,1.8,0,0.2,35.19
"JERRELJERNIGAN","Jerrel Jernigan","WR","NYG",99,258,0,0,0,10.8,0,NA,267,1.2,0,0.2,35.02
"JACOBYJONES","Jacoby Jones","WR","BAL",100,259,0,0,0,12.8,0,NA,205,1.1,0,0.2,34.68
"JOSEPHFAURIA","Joseph Fauria","TE","DET",44,260,0,0,0,0,0,NA,213,2.2,0,0.2,34.25
"CJFIEDOROWICZ","C.J. Fiedorowicz","TE","HOU",45,261,0,0,0,0,0,NA,242,1.7,0,0.3,33.93
"DANIELTHOMAS","Daniel Thomas","RB","MIA",81,262,0,0,0,170,2,NA,32.9,0.2,0,0.2,32.66
"BENJAMINWATSON","Benjamin Watson","TE","NO",46,263,0,0,0,0,0,NA,214,1.9,0,0.2,32.53
"BRYCEBROWN","Bryce Brown","RB","BUF",82,264,0,0,0,214,1.1,NA,32.8,0.2,0,0.2,31.95
"CHARLESJOHNSON","Charles Johnson","WR","CLE",101,265,0,0,0,0,0,NA,236,1.4,0,0.2,31.73
"DRIARCHER","Dri Archer","RB","PIT",83,266,0,0,0,108,0.3,NA,143,0.6,0,0.3,31.7
"PAULRICHARDSON","Paul Richardson","WR","SEA",102,267,0,0,0,0,0,NA,213,1.7,0,0.2,31.18
"DENARIUSMOORE","Denarius Moore","WR","OAK",103,268,0,0,0,0,0,NA,245,1.2,0,0.2,31.09
"JARIUSWRIGHT","Jarius Wright","WR","MIN",104,269,0,0,0,0,0,NA,225,1.5,0,0.2,30.89
"OWENDANIELS","Owen Daniels","TE","BAL",47,270,0,0,0,0,0,NA,218,1.5,0,0.2,30.49
"DEANTHONYTHOMAS","De'Anthony Thomas","RB","KC",84,271,0,0,0,61,0.5,NA,151,0.7,0,0.3,29.99
"JUSTINFORSETT","Justin Forsett","RB","BAL",85,272,0,0,0,191,1.2,NA,34.5,0.1,0,0.2,29.38
"ALFREDBLUE","Alfred Blue","RB","HOU",86,273,0,0,0,198,1.4,NA,17.1,0,0,0.5,29
"MARQUESSWILSON","Marquess Wilson","WR","CHI",105,274,0,0,0,0,0,NA,202,1.5,0,0.1,28.77
"ROBHOUSLER","Rob Housler","TE","ARI",48,275,0,0,0,0,0,NA,214,1.3,0,0.2,28.59
"KRISDURHAM","Kris Durham","WR","DET",106,276,0,0,0,0,0,NA,214,1.2,0,0.2,28.09
"TOMSAVAGE","Tom Savage","QB","HOU",37,277,479,2.6,2.8,16.4,0.1,NA,0,0,0.1,0.7,27.85
"LATAVIUSMURRAY","Latavius Murray","RB","OAK",87,278,0,0,0,147,1.1,NA,64.9,0.2,0,0.3,27.83
"MIKEJAMES","Mike James","RB","TB",88,279,0,0,0,152,1.5,NA,24.6,0.1,0,0.1,27.14
"LUKEWILLSON","Luke Willson","TE","SEA",49,280,0,0,0,0,0,NA,180,1.5,0,0.2,26.96
"JUNIORHEMINGWAY","Junior Hemingway","WR","KC",107,281,0,0,0,0,0,NA,185,1.5,0,0.2,26.86
"DAVANTEADAMS","Davante Adams","WR","GB",108,282,0,0,0,0,0,NA,197,1.3,0,0.2,26.84
"DANIELHERRON","Daniel Herron","RB","IND",89,283,0,0,0,143,1.4,NA,33.9,0.2,0,0.3,26.63
"DONTEMONCRIEF","Donte Moncrief","WR","IND",109,284,0,0,0,0,0,NA,172,1.3,0,0.2,26.02
"STEDMANBAILEY","Stedman Bailey","WR","STL",110,285,0,0,0,8.3,0,NA,208,0.7,0,0.1,25.24
"ROBERTTURBIN","Robert Turbin","RB","SEA",90,286,0,0,0,141,0.6,NA,52.8,0.3,0,0.2,24.52
"MARTAVISBRYANT","Martavis Bryant","WR","PIT",111,287,0,0,0,0,0,NA,169,1.2,0,0.2,23.86
"JOHNKUHN","John Kuhn","RB","GB",91,288,0,0,0,42.4,0.7,NA,115,0.8,0,0.2,23.76
"EDDICKSON","Ed Dickson","TE","CAR",50,289,0,0,0,0,0,NA,181,0.9,0,0,23.58
"JOSHHILL","Josh Hill","TE","NO",51,290,0,0,0,0,0,NA,150,1.4,0,0.2,23.12
"GARYBARNIDGE","Gary Barnidge","TE","CLE",52,291,0,0,0,0,0,NA,155,1.3,0,0.2,23.08
"JOSEPHRANDLE","Joseph Randle","RB","DAL",92,292,0,0,0,108,1.2,NA,40.2,0.2,0,0.2,22.92
"DENARDROBINSON","Denard Robinson","WR","JAX",112,293,0,0,0,137,0.9,NA,33.1,0.1,0,0.3,22.59
"STEPHENHILL","Stephen Hill","WR","NYJ",113,294,0,0,0,0,0,NA,189,0.6,0,0.2,22.39
"TRAVARISCADET","Travaris Cadet","RB","NO",93,295,0,0,0,71.9,0.3,NA,84.2,0.3,0,0.2,21.96
"KENBRELLTHOMPKINS","Kenbrell Thompkins","WR","NE",114,296,0,0,0,0,0,NA,150,1.2,0,0.2,21.95
"ACESANDERS","Ace Sanders","WR","JAX",115,297,0,0,0,16.7,0,NA,169,0.5,0,0.1,21.48
"BENJARVUSGREENELLIS","BenJarvus Green-Ellis","RB","REE",94,298,0,0,0,132,1.1,NA,15.7,0,0,0.2,21.13
"DUJUANHARRIS","DuJuan Harris","RB","GB",95,299,0,0,0,131,1.1,NA,18.7,0,0,0.3,21.03
"TREMASON","Tre Mason","RB","STL",96,300,0,0,0,122,0.9,NA,31.7,0.1,0,0.3,20.83
"ANDREWQUARLESS","Andrew Quarless","TE","GB",53,301,0,0,0,0,0,NA,134,1.2,0,0.2,19.96
"JARVISLANDRY","Jarvis Landry","WR","MIA",116,302,0,0,0,0,0,NA,143,0.7,0,0.2,19.9
"CLAYHARBOR","Clay Harbor","TE","JAX",54,303,0,0,0,0,0,NA,159,0.7,0,0.2,19.87
"DREWSTANTON","Drew Stanton","QB","ARI",38,304,292,1.6,1,17.4,0.1,NA,0,0,0,0.3,19.07
"KIRKCOUSINS","Kirk Cousins","QB","WAS",39,305,302,1.8,1.4,13.2,0.2,NA,0,0,0,0.5,19.02
"JIMMYCLAUSEN","Jimmy Clausen","QB","CHI",40,306,279,2,1.1,10.6,0.1,NA,0,0,0,0.5,18.57
"LAMICHAELJAMES","LaMichael James","RB","SF",97,307,0,0,0,115,0.6,NA,26.7,0.2,0,0.2,18.41
"LOGANPAULSEN","Logan Paulsen","TE","WAS",55,308,0,0,0,0,0,NA,123,1.1,0,0.2,18.36
"CHARLIEWHITEHURST","Charlie Whitehurst","QB","TEN",41,309,293,1.6,0.9,7,0.2,NA,0,0,0,0.5,18.08
"BRUCEMILLER","Bruce Miller","RB","SF",98,309,0,0,0,13.6,0.2,NA,114,0.8,0,0.2,18.08
"SHAUNDRAUGHN","Shaun Draughn","RB","CHI",99,311,0,0,0,101,1,NA,17.4,0.1,0,0.2,17.57
"JACOBTAMME","Jacob Tamme","TE","DEN",56,312,0,0,0,0,0,NA,106,1.1,0,0,17.47
"VIRGILGREEN","Virgil Green","TE","DEN",57,313,0,0,0,0,0,NA,106,1.1,0,0,17.43
"SANTONIOHOLMES","Santonio Holmes","WR","CHI",117,314,0,0,0,0,0,NA,120,0.9,0,0,17.12
"RHETTELLISON","Rhett Ellison","TE","MIN",58,315,0,0,0,0,0,NA,118,0.9,0,0.2,17.05
"THADLEWIS","Thad Lewis","QB","BUF",42,316,275,1.3,0.9,15.6,0.3,NA,0,0,0,0.7,16.87
"RICHARDRODGERS","Richard Rodgers","TE","GB",59,317,0,0,0,0,0,NA,111,0.9,0,0.1,16.61
"BRUCEGRADKOWSKI","Bruce Gradkowski","QB","PIT",43,318,272,1.7,1.2,11.2,0,NA,0,0,0,0.5,16.57
"RONNIEBROWN","Ronnie Brown","RB","HOU",100,319,0,0,0,69,0.7,NA,51.2,0.2,0,0.2,16.56
"CHASEDANIEL","Chase Daniel","QB","KC",44,320,238,1.4,0.9,16.4,0.2,NA,0,0,0,0.2,16.39
"DIONSIMS","Dion Sims","TE","MIA",60,321,0,0,0,0,0,NA,115,0.8,0,0.1,16.36
"ROBERTHERRON","Robert Herron","WR","TB",118,322,0,0,0,0,0,NA,132,0.6,0,0.2,16.14
"JEDCOLLINS","Jed Collins","RB","DET",101,323,0,0,0,25,0.3,NA,84.4,0.6,0,0.2,15.96
"LACHESEASTRUNK","Lache Seastrunk","RB","WAS",102,324,0,0,0,104,0.9,NA,0,0,0,0.2,15.63
"ANTHONYSHERMAN","Anthony Sherman","RB","KC",103,325,0,0,0,5.9,0.2,NA,107,0.6,0,0.2,15.57
"ALLENHURNS","Allen Hurns","WR","JAX",119,326,0,0,0,0,0,NA,127,0.5,0,0,15.54
"NICKTOON","Nick Toon","WR","NO",120,327,0,0,0,0,0,NA,108,0.7,0,0,15.26
"DEVIERPOSEY","DeVier Posey","WR","HOU",121,328,0,0,0,0,0,NA,125,0.5,0,0.1,15.16
"KENJONBARNER","Kenjon Barner","RB","CAR",104,329,0,0,0,76,0.5,NA,15,0,0,0.2,14.89
"BEARPASCOE","Bear Pascoe","TE","ATL",61,330,0,0,0,0,0,NA,97.9,0.8,0,0,14.83
"BRENTONBERSIN","Brenton Bersin","WR","CAR",122,331,0,0,0,0,0,NA,112,0.6,0,0,14.78
"TAVARRESKING","Tavarres King","WR","CAR",122,331,0,0,0,0,0,NA,112,0.6,0,0,14.78
"VANCEMCDONALD","Vance McDonald","TE","SF",62,333,0,0,0,0,0,NA,93.2,0.9,0,0,14.66
"STANLEYHAVILI","Stanley Havili","RB","IND",105,334,0,0,0,24.7,0.5,NA,68.9,0.5,0,0.2,14.62
"CHARLESSIMS","Charles Sims","RB","TB",105,334,0,0,0,77.7,0.6,NA,32.9,0.1,0,0.2,14.62
"SANTANAMOSS","Santana Moss","WR","WAS",124,336,0,0,0,0,0,NA,93.9,0.6,0,0.1,14.55
"CHRISGIVENS","Chris Givens","WR","STL",125,337,0,0,0,14.1,0,NA,105,0.4,0,0,14.52
"RYANBROYLES","Ryan Broyles","WR","DET",126,338,0,0,0,0,0,NA,105,0.7,0,0,14.42
"MARQUISEGOODWIN","Marquise Goodwin","WR","BUF",127,339,0,0,0,13.4,0,NA,90.7,0.5,0,0,14.19
"FRANKSUMMERS","Frank Summers","RB","BUF",107,340,0,0,0,31.3,0.4,NA,66.8,0.3,0,0.2,13.93
"DEVINSTREET","Devin Street","WR","DAL",128,341,0,0,0,0,0,NA,102,0.6,0,0,13.64
"RYANTAYLOR","Ryan Taylor","TE","GB",63,342,0,0,0,0,0,NA,89.2,0.8,0,0,13.54
"TOMMYBOHANON","Tommy Bohanon","RB","NYJ",108,343,0,0,0,30.1,0.5,NA,58.7,0.3,0,0.2,13.42
"STORMJOHNSON","Storm Johnson","RB","JAX",109,344,0,0,0,67.2,0.4,NA,33.1,0.1,0,0.2,13.19
"MATTSPAETH","Matt Spaeth","TE","PIT",64,345,0,0,0,0,0,NA,82.3,0.7,0,0,12.55
"JOSHHUFF","Josh Huff","WR","PHI",129,346,0,0,0,0,0,NA,81,0.6,0,0,12.3
"JEREMYROSS","Jeremy Ross","WR","DET",130,347,0,0,0,10.7,0,NA,26.2,0.2,0,0,12.27
"PATRICKDIMARCO","Patrick DiMarco","RB","ATL",110,348,0,0,0,5.4,0,NA,84.3,0.6,0,0.2,12.12
"ZACHSUDFELD","Zach Sudfeld","TE","NYJ",65,348,0,0,0,0,0,NA,88.2,0.6,0,0,12.12
"ADRIENROBINSON","Adrien Robinson","TE","NYG",66,350,0,0,0,0,0,NA,82.9,0.6,0,0,12.01
"TROYNIKLAS","Troy Niklas","TE","ARI",67,351,0,0,0,0,0,NA,83,0.6,0,0,11.96
"DANESANZENBACHER","Dane Sanzenbacher","WR","CIN",131,352,0,0,0,0,0,NA,83.5,0.6,0,0,11.95
"ERIKLORIG","Erik Lorig","RB","NO",111,353,0,0,0,12.8,0.2,NA,64.5,0.5,0,0.2,11.25
"RYANGRIFFIN","Ryan Griffin","TE","HOU",68,354,0,0,0,0,0,NA,80,0.5,0,0,10.94
"KYLEWILLIAMS","Kyle Williams","WR","KC",132,355,0,0,0,0,0,NA,83.5,0.4,0,0,10.91
"DREWDAVIS","Drew Davis","WR","ATL",133,356,0,0,0,0,0,NA,79.5,0.5,0,0,10.83
"ANTHONYARMSTRONG","Anthony Armstrong","WR","CLE",134,357,0,0,0,0,0,NA,77.5,0.5,0,0,10.57
"TONYMOEAKI","Tony Moeaki","TE","BUF",69,358,0,0,0,0,0,NA,76.5,0.5,0,0,10.53
"DAVIDAUSBERRY","David Ausberry","TE","OAK",70,359,0,0,0,0,0,NA,75.8,0.5,0,0,10.4
"WILLJOHNSON","Will Johnson","RB","PIT",112,360,0,0,0,0,0,NA,71.3,0.5,0,0,10.01
"MICHAELHOOMANAWANUI","Michael Hoomanawanui","TE","NE",71,361,0,0,0,0,0,NA,67.7,0.5,0,0,9.95
"HENRYHYNOSKI","Henry Hynoski","RB","NYG",113,362,0,0,0,0,0,NA,72.5,0.4,0,0,9.77
"BRANDONTATE","Brandon Tate","WR","CIN",135,363,0,0,0,0,0,NA,45.4,0.3,0,0,9.46
"MICHAELCOX","Michael Cox","RB","NYG",114,364,0,0,0,61.2,0.3,NA,17.8,0,0,0.2,9.44
"JOSHMORGAN","Josh Morgan","WR","CHI",136,365,0,0,0,0,0,NA,65.6,0.5,0,0,9.38
"VINCENTBROWN","Vincent Brown","WR","SD",137,366,0,0,0,0,0,NA,64.6,0.5,0,0,9.22
"MICHAELVICK","Michael Vick","QB","NYJ",45,367,101,0.5,0.4,29.3,0.2,NA,0,0,0,0.2,9.17
"DWAYNEHARRIS","Dwayne Harris","WR","DAL",138,368,0,0,0,0,0,NA,25.6,0.2,0,0,9.1
"JACKIEBATTLE","Jackie Battle","RB","TEN",115,369,0,0,0,25.3,0.4,NA,34.4,0.2,0,0,9.03
"TRAVISBENJAMIN","Travis Benjamin","WR","CLE",139,370,0,0,0,0,0,NA,38.8,0.2,0,0,8.98
"MIKELLESHOURE","Mikel Leshoure","RB","DET",116,371,0,0,0,43.3,0.3,NA,20.7,0.1,0,0.2,8.84
"DEVINHESTER","Devin Hester","WR","ATL",140,372,0,0,0,9.2,0,NA,26.5,0.2,0,0,8.8
"CRAIGSTEVENS","Craig Stevens","TE","TEN",72,373,0,0,0,0,0,NA,59,0.5,0,0,8.78
"WILLTAUFOOU","Will Ta'ufo'ou","RB","JAX",117,374,0,0,0,0,0,NA,67.4,0.3,0,0,8.66
"ROBERTMEACHEM","Robert Meachem","WR","NO",141,375,0,0,0,11,0,NA,54.1,0.3,0,0,8.43
