"name","name_cbs","pos","team_cbs","positionRank_cbs","overallRank_cbs","passAtt_cbs","passComp_cbs","passYds_cbs","passTds_cbs","passInt_cbs","passCompPct_cbs","passYdsPerAtt_cbs","rushAtt_cbs","rushYds_cbs","rushYdsPerAtt_cbs","rushTds_cbs","rec_cbs","recYds_cbs","recYdsPerRec_cbs","recTds_cbs","twoPts_cbs","fumbles_cbs","pts_cbs"
"PEYTONMANNING","Peyton Manning","QB","DEN",1,1,631.5,428.5,5340.5,44,12,67.9,8.5,19.5,4,0.2,0,NA,NA,NA,NA,NA,3,440
"AARONRODGERS","Aaron Rodgers","QB","GB",2,2,549.5,365,4659,37,7.5,66.4,8.5,50,210,4.2,2,NA,NA,NA,NA,NA,2,407
"DREWBREES","Drew Brees","QB","NO",3,3,647.5,426,5136.5,39,14,65.8,7.9,30.5,50.5,1.7,0.5,NA,NA,NA,NA,NA,1.5,404
"MATTHEWSTAFFORD","Matthew Stafford","QB","DET",4,4,644,398,5025,36.5,16.5,61.8,7.8,33.5,85.5,2.6,1,NA,NA,NA,NA,NA,2.5,384
"COLINKAEPERNICK","Colin Kaepernick","QB","SF",5,5,491.5,305,4046,27,9.5,62.1,8.2,87.5,503,5.7,4.5,NA,NA,NA,NA,NA,2,364
"TOMBRADY","Tom Brady","QB","NE",6,6,637.5,399.5,4655,32.5,12.5,62.7,7.3,31,31.5,1,1.5,NA,NA,NA,NA,NA,3,351
"MATTRYAN","Matt Ryan","QB","ATL",7,7,638,422,4796.5,31.5,14,66.1,7.5,28,59.5,2.1,1,NA,NA,NA,NA,NA,2.5,347
"NICKFOLES","Nick Foles","QB","PHI",8,8,563.5,366.5,4512.5,30.5,13.5,65,8,55,205,3.7,1.5,NA,NA,NA,NA,NA,3,345
"TONYROMO","Tony Romo","QB","DAL",9,9,644.5,410,4619,33.5,16,63.6,7.2,24,43.5,1.8,0.5,NA,NA,NA,NA,NA,3,344
"ANDREWLUCK","Andrew Luck","QB","IND",10,10,583,358.5,4270.5,27.5,11.5,61.5,7.3,60.5,306.5,5.1,3.5,NA,NA,NA,NA,NA,3,342
"ROBERTGRIFFIN","Robert Griffin III","QB","WAS",11,11,503.5,312.5,3899,25,12,62.1,7.7,91.5,491,5.4,4,NA,NA,NA,NA,NA,2.5,332
"JAYCUTLER","Jay Cutler","QB","CHI",12,12,560.5,356,4187,31.5,13.5,63.5,7.5,28.5,143.5,5,1.5,NA,NA,NA,NA,NA,3,330
"BENROETHLISBERGER","Ben Roethlisberger","QB","PIT",13,13,608.5,390.5,4471,30,14.5,64.2,7.3,29,89.5,3.1,1,NA,NA,NA,NA,NA,3.5,326
"CAMNEWTON","Cam Newton","QB","CAR",14,14,503,303.5,3785.5,23,15,60.3,7.5,100,521,5.2,5.5,NA,NA,NA,NA,NA,3,322
"PHILIPRIVERS","Philip Rivers","QB","SD",15,15,560.5,377,4566.5,29.5,14.5,67.3,8.1,28.5,56.5,2,0,NA,NA,NA,NA,NA,3.5,318
"CARSONPALMER","Carson Palmer","QB","ARI",16,16,566.5,357,4461.5,32,22,63,7.9,22.5,8,0.4,0,NA,NA,NA,NA,NA,3.5,313
"RUSSELLWILSON","Russell Wilson","QB","SEA",17,17,452,284.5,3683,25.5,13,62.9,8.1,88,430.5,4.9,2.5,NA,NA,NA,NA,NA,3.5,310
"ANDYDALTON","Andy Dalton","QB","CIN",18,18,538.5,335,3913.5,29,15.5,62.2,7.3,50.5,147,2.9,1.5,NA,NA,NA,NA,NA,3,300
"SAMBRADFORD","Sam Bradford","QB","STL",19,19,564,344.5,3873.5,28,12.5,61.1,6.9,31,106,3.4,1,NA,NA,NA,NA,NA,2.5,294
"RYANTANNEHILL","Ryan Tannehill","QB","MIA",20,20,598.5,366.5,4303,23.5,16.5,61.2,7.2,50.5,252.5,5,1.5,NA,NA,NA,NA,NA,3.5,289
"ALEXSMITH","Alex Smith","QB","KC",21,21,540.5,326.5,3659,23.5,10,60.4,6.8,60.5,284.5,4.7,1.5,NA,NA,NA,NA,NA,3,284
"JOEFLACCO","Joe Flacco","QB","BAL",22,22,564,343.5,4023.5,25.5,16.5,60.9,7.1,31,87.5,2.8,0.5,NA,NA,NA,NA,NA,3,275
"ELIMANNING","Eli Manning","QB","NYG",23,23,521.5,331,3951.5,26,15,63.5,7.6,24,23,1,0,NA,NA,NA,NA,NA,2,271
"JOSHMCCOWN","Josh McCown","QB","TB",24,24,489.5,297,3553,25,13,60.7,7.3,30,109.5,3.6,1.5,NA,NA,NA,NA,NA,2,266
"JAMAALCHARLES","Jamaal Charles","RB","KC",1,25,NA,NA,NA,NA,NA,NA,NA,260,1324,5.1,10,66.5,606.5,9.1,4,NA,2,256
"JAKELOCKER","Jake Locker","QB","TEN",25,26,441,271,3276,20,11.5,61.5,7.4,47.5,272.5,5.7,2.5,NA,NA,NA,NA,NA,2.5,251
"TEDDYBRIDGEWATER","Teddy Bridgewater","QB","MIN",26,27,435.5,264.5,3246.5,21,11,60.7,7.5,45,190,4.2,2,NA,NA,NA,NA,NA,2,246
"LESEANMCCOY","LeSean McCoy","RB","PHI",2,28,NA,NA,NA,NA,NA,NA,NA,287.5,1475.5,5.1,10.5,40.5,379.5,9.4,2.5,NA,2,244
"MATTFORTE","Matt Forte","RB","CHI",3,29,NA,NA,NA,NA,NA,NA,NA,279,1304,4.7,8,64.5,532,8.2,3.5,NA,2,234
"JOHNNYMANZIEL","Johnny Manziel","QB","CLE",27,30,421.5,250,2961,15,12.5,59.3,7,83.5,466,5.6,3.5,NA,NA,NA,NA,NA,3,230
"CALVINJOHNSON","Calvin Johnson","WR","DET",1,31,NA,NA,NA,NA,NA,NA,NA,NA,NA,NA,NA,94,1584,16.9,12.5,NA,1,224
"EJMANUEL","EJ Manuel","QB","BUF",28,32,458.5,274.5,3034.5,18,14.5,59.9,6.6,84,338.5,4,1.5,NA,NA,NA,NA,NA,3.5,221
"ADRIANPETERSON","Adrian Peterson","RB","MIN",4,33,NA,NA,NA,NA,NA,NA,NA,295,1367.5,4.6,10.5,44.5,288.5,6.5,1.5,NA,2.5,217
"GENOSMITH","Geno Smith","QB","NYJ",29,34,473,286,3126.5,16,12.5,60.5,6.6,43,222,5.2,3,NA,NA,NA,NA,NA,3,213
"DEMARYIUSTHOMAS","Demaryius Thomas","WR","DEN",2,35,NA,NA,NA,NA,NA,NA,NA,NA,NA,NA,NA,95,1453,15.3,12.5,NA,0.5,211
"EDDIELACY","Eddie Lacy","RB","GB",5,36,NA,NA,NA,NA,NA,NA,NA,273,1280,4.7,10.5,36,254,7.1,1,NA,1,205
"DEMARCOMURRAY","DeMarco Murray","RB","DAL",6,37,NA,NA,NA,NA,NA,NA,NA,238,1188,5,9,54,403,7.5,1,NA,2,200
"MONTEEBALL","Montee Ball","RB","DEN",7,38,NA,NA,NA,NA,NA,NA,NA,256.5,1190.5,4.6,10,43,319,7.4,1.5,NA,2.5,198
"GIOVANIBERNARD","Giovani Bernard","RB","CIN",8,39,NA,NA,NA,NA,NA,NA,NA,243,1173.5,4.8,6,55.5,497,9,2,NA,2.5,196
"DEZBRYANT","Dez Bryant","WR","DAL",3,40,NA,NA,NA,NA,NA,NA,NA,NA,NA,NA,NA,97,1354,14,11.5,NA,1,194
"JIMMYGRAHAM","Jimmy Graham","TE","NO",1,40,NA,NA,NA,NA,NA,NA,NA,NA,NA,NA,NA,87.5,1213.5,13.9,13.5,NA,0,194
"JULIOJONES","Julio Jones","WR","ATL",4,42,NA,NA,NA,NA,NA,NA,NA,NA,NA,NA,NA,90.5,1357.5,15,10.5,NA,0.5,190
"MATTSCHAUB","Matt Schaub","QB","OAK",30,43,473.5,279,3133,17.5,14,58.9,6.6,24,24.5,1,0,NA,NA,NA,NA,NA,2.5,189
"AJGREEN","A.J. Green","WR","CIN",5,44,NA,NA,NA,NA,NA,NA,NA,NA,NA,NA,NA,91,1311,14.4,10.5,NA,0,186
"BRANDONMARSHALL","Brandon Marshall","WR","CHI",6,45,NA,NA,NA,NA,NA,NA,NA,NA,NA,NA,NA,105.5,1290.5,12.2,10.5,NA,0,184
"ALFREDMORRIS","Alfred Morris","RB","WAS",9,46,NA,NA,NA,NA,NA,NA,NA,272.5,1317.5,4.8,9.5,16,124,7.8,0,NA,2.5,181
"LEVEONBELL","Le'Veon Bell","RB","PIT",9,46,NA,NA,NA,NA,NA,NA,NA,257,1131.5,4.4,7.5,43,342.5,8,1,NA,1,181
"JORDYNELSON","Jordy Nelson","WR","GB",7,46,NA,NA,NA,NA,NA,NA,NA,NA,NA,NA,NA,80,1276,15.9,10.5,NA,0.5,181
"ZACSTACY","Zac Stacy","RB","STL",11,49,NA,NA,NA,NA,NA,NA,NA,281,1215.5,4.3,8.5,30,192.5,6.4,1,NA,2,178
"MARSHAWNLYNCH","Marshawn Lynch","RB","SEA",11,49,NA,NA,NA,NA,NA,NA,NA,270,1198,4.4,9,24,180.5,7.5,1,NA,2,178
"DOUGMARTIN","Doug Martin","RB","TB",13,51,NA,NA,NA,NA,NA,NA,NA,280.5,1212.5,4.3,7.5,31.5,241,7.7,1,NA,2,177
"ARIANFOSTER","Arian Foster","RB","HOU",14,52,NA,NA,NA,NA,NA,NA,NA,260,1136.5,4.4,5.5,42,346.5,8.2,2,NA,2,175
"ANTONIOBROWN","Antonio Brown","WR","PIT",8,53,NA,NA,NA,NA,NA,NA,NA,NA,NA,NA,NA,102.5,1345,13.1,7.5,NA,0.5,172
"ALSHONJEFFERY","Alshon Jeffery","WR","CHI",9,54,NA,NA,NA,NA,NA,NA,NA,NA,NA,NA,NA,82.5,1300.5,15.8,8,NA,1,171
"TOBYGERHART","Toby Gerhart","RB","JAC",15,55,NA,NA,NA,NA,NA,NA,NA,287.5,1188.5,4.1,6.5,35,242,6.9,1,NA,1.5,170
"ANDREELLINGTON","Andre Ellington","RB","ARI",16,56,NA,NA,NA,NA,NA,NA,NA,199,985,4.9,4.5,54.5,485,8.9,2,NA,1.5,168
"RANDALLCOBB","Randall Cobb","WR","GB",10,57,NA,NA,NA,NA,NA,NA,NA,NA,NA,NA,NA,86.5,1172.5,13.6,8,NA,1,167
"BISHOPSANKEY","Bishop Sankey","RB","TEN",17,58,NA,NA,NA,NA,NA,NA,NA,265,1173,4.4,5.5,31,248.5,8,1,NA,1.5,163
"RYANFITZPATRICK","Ryan Fitzpatrick","QB","HOU",31,59,402,246.5,2649.5,15.5,15.5,61.3,6.6,28.5,122,4.3,0.5,NA,NA,NA,NA,NA,2.5,162
"MICHAELCRABTREE","Michael Crabtree","WR","SF",11,59,NA,NA,NA,NA,NA,NA,NA,NA,NA,NA,NA,82.5,1209.5,14.7,8.5,NA,1,162
"LARRYFITZGERALD","Larry Fitzgerald","WR","ARI",12,61,NA,NA,NA,NA,NA,NA,NA,NA,NA,NA,NA,84,1096,13,10,NA,0,161
"RYANMATHEWS","Ryan Mathews","RB","SD",18,62,NA,NA,NA,NA,NA,NA,NA,263,1126.5,4.3,7,24,162,6.8,1,NA,1.5,159
"VINCENTJACKSON","Vincent Jackson","WR","TB",13,63,NA,NA,NA,NA,NA,NA,NA,NA,NA,NA,NA,73.5,1176.5,16,8,NA,0,158
"SHANEVEREEN","Shane Vereen","RB","NE",19,64,NA,NA,NA,NA,NA,NA,NA,140.5,642,4.6,3,64.5,598,9.3,5,NA,1,155
"JOIQUEBELL","Joique Bell","RB","DET",20,65,NA,NA,NA,NA,NA,NA,NA,202.5,889.5,4.4,7.5,44,351.5,8,1,NA,2.5,154
"ANDREJOHNSON","Andre Johnson","WR","HOU",14,65,NA,NA,NA,NA,NA,NA,NA,NA,NA,NA,NA,94,1281.5,13.6,5.5,NA,0,154
"ROBGRONKOWSKI","Rob Gronkowski","TE","NE",2,65,NA,NA,NA,NA,NA,NA,NA,NA,NA,NA,NA,76,988.5,13,10.5,NA,0,154
"PIERREGARCON","Pierre Garcon","WR","WAS",15,68,NA,NA,NA,NA,NA,NA,NA,NA,NA,NA,NA,86.5,1229.5,14.2,6.5,NA,0.5,153
"REGGIEBUSH","Reggie Bush","RB","DET",21,69,NA,NA,NA,NA,NA,NA,NA,193.5,910.5,4.7,3.5,47,425,9,3,NA,2.5,150
"CJSPILLER","C.J. Spiller","RB","BUF",22,70,NA,NA,NA,NA,NA,NA,NA,214.5,1057.5,4.9,4.5,38,280.5,7.4,1.5,NA,2.5,149
"JULIUSTHOMAS","Julius Thomas","TE","DEN",3,70,NA,NA,NA,NA,NA,NA,NA,NA,NA,NA,NA,77,957,12.4,10.5,NA,0.5,149
"KEENANALLEN","Keenan Allen","WR","SD",16,72,NA,NA,NA,NA,NA,NA,NA,NA,NA,NA,NA,69.5,1071,15.4,8.5,NA,1,147
"RAYRICE","Ray Rice","RB","BAL",23,73,NA,NA,NA,NA,NA,NA,NA,188.5,857,4.5,5.5,43.5,371,8.5,1.5,NA,2,146
"CORDARRELLEPATTERSON","Cordarrelle Patterson","WR","MIN",17,73,NA,NA,NA,NA,NA,NA,NA,NA,NA,NA,NA,64.5,947,14.7,6.5,NA,0,146
"FRANKGORE","Frank Gore","RB","SF",24,75,NA,NA,NA,NA,NA,NA,NA,231,1043.5,4.5,7.5,16,127.5,8,0,NA,1,145
"MICHAELFLOYD","Michael Floyd","WR","ARI",18,75,NA,NA,NA,NA,NA,NA,NA,NA,NA,NA,NA,79,1108,14,7,NA,0,145
"RODDYWHITE","Roddy White","WR","ATL",18,75,NA,NA,NA,NA,NA,NA,NA,NA,NA,NA,NA,86,1088.5,12.7,7.5,NA,0.5,145
"RASHADJENNINGS","Rashad Jennings","RB","NYG",25,78,NA,NA,NA,NA,NA,NA,NA,215,937,4.4,5.5,40,304,7.6,1,NA,2.5,142
"TRENTRICHARDSON","Trent Richardson","RB","IND",26,79,NA,NA,NA,NA,NA,NA,NA,241.5,914.5,3.8,6.5,40,302,7.5,0.5,NA,3,141
"WESWELKER","Wes Welker","WR","DEN",20,79,NA,NA,NA,NA,NA,NA,NA,NA,NA,NA,NA,81,975.5,12,9,NA,1,141
"VICTORCRUZ","Victor Cruz","WR","NYG",21,81,NA,NA,NA,NA,NA,NA,NA,NA,NA,NA,NA,82,1077,13.1,7,NA,1,140
"CHADHENNE","Chad Henne","QB","JAC",32,82,368,211.5,2475.5,12,11,57.5,6.7,20.5,46.5,2.3,0,NA,NA,NA,NA,NA,2,139
"CHRISJOHNSON","Chris Johnson","RB","NYJ",27,83,NA,NA,NA,NA,NA,NA,NA,243.5,1004.5,4.1,4.5,36,271,7.5,1,NA,2.5,138
"BENTATE","Ben Tate","RB","CLE",27,83,NA,NA,NA,NA,NA,NA,NA,235.5,1047,4.4,7,23.5,139.5,5.9,0,NA,3.5,138
"STEVANRIDLEY","Stevan Ridley","RB","NE",27,83,NA,NA,NA,NA,NA,NA,NA,228,994.5,4.4,8,9,56.5,6.3,0,NA,2,138
"EMMANUELSANDERS","Emmanuel Sanders","WR","DEN",22,83,NA,NA,NA,NA,NA,NA,NA,NA,NA,NA,NA,71.5,1052,14.7,7,NA,0.5,138
"GOLDENTATE","Golden Tate","WR","DET",23,87,NA,NA,NA,NA,NA,NA,NA,NA,NA,NA,NA,70.5,1015.5,14.4,7,NA,1,135
"DESEANJACKSON","DeSean Jackson","WR","WAS",24,88,NA,NA,NA,NA,NA,NA,NA,NA,NA,NA,NA,57.5,949.5,16.5,7.5,NA,0.5,132
"VERNONDAVIS","Vernon Davis","TE","SF",4,89,NA,NA,NA,NA,NA,NA,NA,NA,NA,NA,NA,62,828.5,13.4,9.5,NA,0.5,131
"LAMARMILLER","Lamar Miller","RB","MIA",30,90,NA,NA,NA,NA,NA,NA,NA,191,870,4.6,5.5,32,245,7.7,0.5,NA,1,130
"TORREYSMITH","Torrey Smith","WR","BAL",25,90,NA,NA,NA,NA,NA,NA,NA,NA,NA,NA,NA,64,1039,16.2,6,NA,0.5,130
"PERCYHARVIN","Percy Harvin","WR","SEA",25,90,NA,NA,NA,NA,NA,NA,NA,NA,NA,NA,NA,67.5,853,12.6,6.5,NA,0.5,130
"MIKEWALLACE","Mike Wallace","WR","MIA",27,93,NA,NA,NA,NA,NA,NA,NA,NA,NA,NA,NA,70,1015.5,14.5,5.5,NA,0.5,127
"TERRANCEWILLIAMS","Terrance Williams","WR","DAL",27,93,NA,NA,NA,NA,NA,NA,NA,NA,NA,NA,NA,64,934,14.6,7,NA,0.5,127
"JULIANEDELMAN","Julian Edelman","WR","NE",27,93,NA,NA,NA,NA,NA,NA,NA,NA,NA,NA,NA,92,1037.5,11.3,5.5,NA,1,127
"FREDJACKSON","Fred Jackson","RB","BUF",31,96,NA,NA,NA,NA,NA,NA,NA,169.5,718,4.2,6,39.5,342.5,8.7,0.5,NA,1.5,126
"JEREMYMACLIN","Jeremy Maclin","WR","PHI",30,96,NA,NA,NA,NA,NA,NA,NA,NA,NA,NA,NA,72.5,986.5,13.6,6,NA,0.5,126
"PIERRETHOMAS","Pierre Thomas","RB","NO",32,98,NA,NA,NA,NA,NA,NA,NA,160,647.5,4,4,56.5,393.5,7,2.5,NA,1,125
"KENDALLWRIGHT","Kendall Wright","WR","TEN",31,98,NA,NA,NA,NA,NA,NA,NA,NA,NA,NA,NA,88.5,1046.5,11.8,5,NA,1,125
"TERRANCEWEST","Terrance West","RB","CLE",33,100,NA,NA,NA,NA,NA,NA,NA,182,833,4.6,5.5,23,199,8.7,0.5,NA,0,124
"MAURICEJONESDREW","Maurice Jones-Drew","RB","OAK",33,100,NA,NA,NA,NA,NA,NA,NA,219.5,867.5,4,4.5,33,252,7.6,0.5,NA,1,124
"MARQUESCOLSTON","Marques Colston","WR","NO",32,100,NA,NA,NA,NA,NA,NA,NA,NA,NA,NA,NA,75.5,961.5,12.7,6,NA,0.5,124
"JASONWITTEN","Jason Witten","TE","DAL",5,103,NA,NA,NA,NA,NA,NA,NA,NA,NA,NA,NA,80.5,897.5,11.1,6.5,NA,0,121
"TYHILTON","T.Y. Hilton","WR","IND",33,104,NA,NA,NA,NA,NA,NA,NA,NA,NA,NA,NA,65.5,917,14,6,NA,0.5,120
"ERICDECKER","Eric Decker","WR","NYJ",34,105,NA,NA,NA,NA,NA,NA,NA,NA,NA,NA,NA,66.5,936.5,14.1,6,NA,1,119
"ANDREWILLIAMS","Andre Williams","RB","NYG",35,106,NA,NA,NA,NA,NA,NA,NA,175,785.5,4.5,7.5,8,65,8.1,0,NA,0.5,118
"STEVENJACKSON","Steven Jackson","RB","ATL",36,107,NA,NA,NA,NA,NA,NA,NA,180.5,742,4.1,6,28.5,179.5,6.3,1,NA,1,117
"SAMMYWATKINS","Sammy Watkins","WR","BUF",35,107,NA,NA,NA,NA,NA,NA,NA,NA,NA,NA,NA,57.5,866,15.1,6.5,NA,1,117
"BRANDINCOOKS","Brandin Cooks","WR","NO",35,107,NA,NA,NA,NA,NA,NA,NA,NA,NA,NA,NA,60.5,899,14.9,6,NA,1,117
"DENNISPITTA","Dennis Pitta","TE","BAL",6,107,NA,NA,NA,NA,NA,NA,NA,NA,NA,NA,NA,65.5,828,12.6,7,NA,0,117
"RUEBENRANDLE","Rueben Randle","WR","NYG",37,111,NA,NA,NA,NA,NA,NA,NA,NA,NA,NA,NA,62,831,13.4,7,NA,0.5,116
"KELVINBENJAMIN","Kelvin Benjamin","WR","CAR",38,112,NA,NA,NA,NA,NA,NA,NA,NA,NA,NA,NA,56,821.5,14.7,6.5,NA,1,113
"JORDANCAMERON","Jordan Cameron","TE","CLE",7,112,NA,NA,NA,NA,NA,NA,NA,NA,NA,NA,NA,74.5,892,12,5.5,NA,0.5,113
"MIKEEVANS","Mike Evans","WR","TB",39,114,NA,NA,NA,NA,NA,NA,NA,NA,NA,NA,NA,53.5,787.5,14.7,7,NA,0.5,112
"REGGIEWAYNE","Reggie Wayne","WR","IND",40,115,NA,NA,NA,NA,NA,NA,NA,NA,NA,NA,NA,72.5,920.5,12.7,4.5,NA,0,111
"DEANGELOWILLIAMS","DeAngelo Williams","RB","CAR",37,116,NA,NA,NA,NA,NA,NA,NA,179,754.5,4.2,4.5,25,203.5,8.1,1,NA,1.5,110
"DEVONTAFREEMAN","Devonta Freeman","RB","ATL",37,116,NA,NA,NA,NA,NA,NA,NA,132,646.5,4.9,3,41.5,355.5,8.6,1.5,NA,1,110
"BERNARDPIERCE","Bernard Pierce","RB","BAL",39,118,NA,NA,NA,NA,NA,NA,NA,166,745,4.5,5.5,18,138.5,7.7,0.5,NA,0,108
"JORDANREED","Jordan Reed","TE","WAS",8,118,NA,NA,NA,NA,NA,NA,NA,NA,NA,NA,NA,64.5,780,12.1,6.5,NA,0,108
"DANNYWOODHEAD","Danny Woodhead","RB","SD",40,120,NA,NA,NA,NA,NA,NA,NA,79.5,347,4.4,1.5,62.5,565,9,4,NA,1,107
"KYLERUDOLPH","Kyle Rudolph","TE","MIN",9,120,NA,NA,NA,NA,NA,NA,NA,NA,NA,NA,NA,63.5,727.5,11.5,7,NA,0,107
"ZACHERTZ","Zach Ertz","TE","PHI",9,120,NA,NA,NA,NA,NA,NA,NA,NA,NA,NA,NA,63,769,12.2,6.5,NA,0.5,107
"JUSTINHUNTER","Justin Hunter","WR","TEN",41,123,NA,NA,NA,NA,NA,NA,NA,NA,NA,NA,NA,49.5,808,16.3,5.5,NA,0,106
"RILEYCOOPER","Riley Cooper","WR","PHI",42,124,NA,NA,NA,NA,NA,NA,NA,NA,NA,NA,NA,54,794.5,14.7,5.5,NA,0.5,103
"GREGOLSEN","Greg Olsen","TE","CAR",11,124,NA,NA,NA,NA,NA,NA,NA,NA,NA,NA,NA,70.5,794,11.3,5.5,NA,0.5,103
"CARLOSHYDE","Carlos Hyde","RB","SF",41,126,NA,NA,NA,NA,NA,NA,NA,152.5,681.5,4.5,6,14.5,107,7.4,0.5,NA,1,101
"JARRETTBOYKIN","Jarrett Boykin","WR","GB",43,126,NA,NA,NA,NA,NA,NA,NA,NA,NA,NA,NA,57.5,776.5,13.5,5.5,NA,0.5,101
"BLAKEBORTLES","Blake Bortles","QB","JAC",33,128,218,131.5,1506.5,9,6.5,60.3,6.9,20.5,73.5,3.6,1.5,NA,NA,NA,NA,NA,2,100
"KHIRYROBINSON","Khiry Robinson","RB","NO",42,128,NA,NA,NA,NA,NA,NA,NA,142,664.5,4.7,6,15.5,113,7.3,0,NA,0,100
"JEREMYHILL","Jeremy Hill","RB","CIN",42,128,NA,NA,NA,NA,NA,NA,NA,153,695.5,4.5,5.5,10.5,75.5,7.2,0.5,NA,0.5,100
"KENNYSTILLS","Kenny Stills","WR","NO",44,128,NA,NA,NA,NA,NA,NA,NA,NA,NA,NA,NA,44,766.5,17.4,5.5,NA,0.5,100
"CHRISTINEMICHAEL","Christine Michael","RB","SEA",44,132,NA,NA,NA,NA,NA,NA,NA,147.5,723,4.9,4.5,11,93,8.5,0.5,NA,1,97
"DWAYNEBOWE","Dwayne Bowe","WR","KC",45,132,NA,NA,NA,NA,NA,NA,NA,NA,NA,NA,NA,63.5,799.5,12.6,4.5,NA,0.5,97
"DOUGBALDWIN","Doug Baldwin","WR","SEA",45,132,NA,NA,NA,NA,NA,NA,NA,NA,NA,NA,NA,56,789.5,14.1,4.5,NA,0.5,97
"HAKEEMNICKS","Hakeem Nicks","WR","IND",47,135,NA,NA,NA,NA,NA,NA,NA,NA,NA,NA,NA,49.5,737.5,14.9,5,NA,0,96
"RODSTREATER","Rod Streater","WR","OAK",47,135,NA,NA,NA,NA,NA,NA,NA,NA,NA,NA,NA,58,797,13.7,4.5,NA,1,96
"HARRYDOUGLAS","Harry Douglas","WR","ATL",47,135,NA,NA,NA,NA,NA,NA,NA,NA,NA,NA,NA,67.5,834,12.4,3.5,NA,0.5,96
"HEATHMILLER","Heath Miller","TE","PIT",12,135,NA,NA,NA,NA,NA,NA,NA,NA,NA,NA,NA,61,699,11.5,6,NA,1,96
"TOMSAVAGE","Tom Savage","QB","HOU",34,139,236,135.5,1624,9.5,9,57.4,6.9,13,26.5,2,0,NA,NA,NA,NA,NA,1.5,95
"TAVONAUSTIN","Tavon Austin","WR","STL",50,139,NA,NA,NA,NA,NA,NA,NA,NA,NA,NA,NA,48.5,658.5,13.6,4.5,NA,1.5,95
"JORDANMATTHEWS","Jordan Matthews","WR","PHI",50,139,NA,NA,NA,NA,NA,NA,NA,NA,NA,NA,NA,48.5,741.5,15.3,5,NA,0.5,95
"LADARIUSGREEN","Ladarius Green","TE","SD",13,139,NA,NA,NA,NA,NA,NA,NA,NA,NA,NA,NA,47.5,703,14.8,5.5,NA,0,95
"CECILSHORTS","Cecil Shorts","WR","JAC",52,143,NA,NA,NA,NA,NA,NA,NA,NA,NA,NA,NA,59.5,802,13.5,3.5,NA,0,94
"BRIANHARTLINE","Brian Hartline","WR","MIA",52,143,NA,NA,NA,NA,NA,NA,NA,NA,NA,NA,NA,71,946,13.3,1.5,NA,1,94
"MARTELLUSBENNETT","Martellus Bennett","TE","CHI",14,143,NA,NA,NA,NA,NA,NA,NA,NA,NA,NA,NA,60.5,722.5,11.9,5,NA,0.5,94
"DEANDREHOPKINS","DeAndre Hopkins","WR","HOU",54,146,NA,NA,NA,NA,NA,NA,NA,NA,NA,NA,NA,59,747,12.7,4.5,NA,0.5,92
"LEGARRETTEBLOUNT","LeGarrette Blount","RB","PIT",45,147,NA,NA,NA,NA,NA,NA,NA,146,645,4.4,5.5,14.5,110,7.6,0,NA,1.5,91
"ANTONIOGATES","Antonio Gates","TE","SD",15,147,NA,NA,NA,NA,NA,NA,NA,NA,NA,NA,NA,65.5,732.5,11.2,4.5,NA,0.5,91
"DARRENSPROLES","Darren Sproles","RB","PHI",46,149,NA,NA,NA,NA,NA,NA,NA,67,287.5,4.3,1.5,64.5,522,8.1,3,NA,0.5,90
"CHRISIVORY","Chris Ivory","RB","NYJ",46,149,NA,NA,NA,NA,NA,NA,NA,161.5,695,4.3,5,3,16,5.3,0,NA,1.5,90
"KNOWSHONMORENO","Knowshon Moreno","RB","MIA",48,151,NA,NA,NA,NA,NA,NA,NA,144,587.5,4.1,3.5,27,221.5,8.2,1,NA,1.5,88
"KENNYBRITT","Kenny Britt","WR","STL",55,152,NA,NA,NA,NA,NA,NA,NA,NA,NA,NA,NA,47,676.5,14.4,4.5,NA,0,87
"CHARLESCLAY","Charles Clay","TE","MIA",16,152,NA,NA,NA,NA,NA,NA,NA,NA,NA,NA,NA,52.5,634.5,12.1,5,NA,1,87
"DELANIEWALKER","Delanie Walker","TE","TEN",16,152,NA,NA,NA,NA,NA,NA,NA,NA,NA,NA,NA,58,605.5,10.4,6,NA,0.5,87
"STEVESMITH","Steve Smith","WR","BAL",56,155,NA,NA,NA,NA,NA,NA,NA,NA,NA,NA,NA,54,690.5,12.8,4.5,NA,1.5,86
"MARQISELEE","Marqise Lee","WR","JAC",56,155,NA,NA,NA,NA,NA,NA,NA,NA,NA,NA,NA,46.5,678,14.6,4.5,NA,1,86
"GREGJENNINGS","Greg Jennings","WR","MIN",58,157,NA,NA,NA,NA,NA,NA,NA,NA,NA,NA,NA,54,668,12.4,4.5,NA,0.5,85
"MARKUSWHEATON","Markus Wheaton","WR","PIT",59,158,NA,NA,NA,NA,NA,NA,NA,NA,NA,NA,NA,45,683.5,15.2,4,NA,0.5,83
"DANNYAMENDOLA","Danny Amendola","WR","NE",59,158,NA,NA,NA,NA,NA,NA,NA,NA,NA,NA,NA,59,678.5,11.5,4,NA,0.5,83
"STEPFANTAYLOR","Stepfan Taylor","RB","ARI",49,160,NA,NA,NA,NA,NA,NA,NA,142.5,623.5,4.4,4.5,11,88.5,8,0,NA,1,82
"ANDREWHAWKINS","Andrew Hawkins","WR","CLE",61,160,NA,NA,NA,NA,NA,NA,NA,NA,NA,NA,NA,51.5,647,12.6,4,NA,0,82
"ROBERTWOODS","Robert Woods","WR","BUF",61,160,NA,NA,NA,NA,NA,NA,NA,NA,NA,NA,NA,53,695,13.1,3.5,NA,0.5,82
"ERICEBRON","Eric Ebron","TE","DET",18,160,NA,NA,NA,NA,NA,NA,NA,NA,NA,NA,NA,42.5,573.5,13.5,5.5,NA,0,82
"DWAYNEALLEN","Dwayne Allen","TE","IND",18,160,NA,NA,NA,NA,NA,NA,NA,NA,NA,NA,NA,46,575,12.5,5.5,NA,0,82
"JAMESJONES","James Jones","WR","OAK",63,165,NA,NA,NA,NA,NA,NA,NA,NA,NA,NA,NA,51.5,643.5,12.5,4,NA,0,81
"MICHAELVICK","Michael Vick","QB","NYJ",35,166,160,96,1046,6.5,4.5,60,6.5,33.5,176.5,5.3,1.5,NA,NA,NA,NA,NA,1.5,80
"JERRICHOCOTCHERY","Jerricho Cotchery","WR","CAR",64,166,NA,NA,NA,NA,NA,NA,NA,NA,NA,NA,NA,48.5,659.5,13.6,4,NA,1.5,80
"ANDREHOLMES","Andre Holmes","WR","OAK",64,166,NA,NA,NA,NA,NA,NA,NA,NA,NA,NA,NA,40,622.5,15.6,4.5,NA,0,80
"MARVINJONES","Marvin Jones","WR","CIN",64,166,NA,NA,NA,NA,NA,NA,NA,NA,NA,NA,NA,42,606.5,14.4,5,NA,1,80
"JAREDCOOK","Jared Cook","TE","STL",20,170,NA,NA,NA,NA,NA,NA,NA,NA,NA,NA,NA,47.5,576.5,12.1,5,NA,1,78
"DEXTERMCCLUSTER","Dexter McCluster","RB","TEN",50,171,NA,NA,NA,NA,NA,NA,NA,72.5,325,4.5,1,49.5,433.5,8.8,2,NA,1.5,76
"TREMASON","Tre Mason","RB","STL",50,171,NA,NA,NA,NA,NA,NA,NA,119,530.5,4.5,2,31.5,250.5,8,0.5,NA,1,76
"JONATHANGRIMES","Jonathan Grimes","RB","HOU",50,171,NA,NA,NA,NA,NA,NA,NA,121.5,534,4.4,4,16,120,7.5,0.5,NA,1,76
"MARKINGRAM","Mark Ingram","RB","NO",50,171,NA,NA,NA,NA,NA,NA,NA,126,554.5,4.4,5,6,41.5,6.9,0,NA,1,76
"MOHAMEDSANU","Mohamed Sanu","WR","CIN",67,171,NA,NA,NA,NA,NA,NA,NA,NA,NA,NA,NA,51,628.5,12.3,3.5,NA,0,76
"ODELLBECKHAM","Odell Beckham","WR","NYG",67,171,NA,NA,NA,NA,NA,NA,NA,NA,NA,NA,NA,40,599,15,4,NA,0.5,76
"GARRETTGRAHAM","Garrett Graham","TE","HOU",21,177,NA,NA,NA,NA,NA,NA,NA,NA,NA,NA,NA,47.5,544.5,11.5,4.5,NA,0,74
"SHONNGREENE","Shonn Greene","RB","TEN",54,178,NA,NA,NA,NA,NA,NA,NA,123.5,518.5,4.2,4.5,11,81.5,7.4,0,NA,1,73
"MALCOMFLOYD","Malcom Floyd","WR","SD",69,178,NA,NA,NA,NA,NA,NA,NA,NA,NA,NA,NA,41.5,589,14.2,4,NA,0.5,73
"NATEWASHINGTON","Nate Washington","WR","TEN",70,180,NA,NA,NA,NA,NA,NA,NA,NA,NA,NA,NA,43.5,603.5,13.9,3.5,NA,0.5,72
"MILESAUSTIN","Miles Austin","WR","CLE",70,180,NA,NA,NA,NA,NA,NA,NA,NA,NA,NA,NA,47,596,12.7,3.5,NA,0.5,72
"JOHNBROWN","John Brown","WR","ARI",70,180,NA,NA,NA,NA,NA,NA,NA,NA,NA,NA,NA,37.5,608.5,16.2,3,NA,0,72
"MARCEDESLEWIS","Marcedes Lewis","TE","JAC",22,183,NA,NA,NA,NA,NA,NA,NA,NA,NA,NA,NA,40.5,490,12.1,5,NA,0,71
"JACEAMARO","Jace Amaro","TE","NYJ",23,184,NA,NA,NA,NA,NA,NA,NA,NA,NA,NA,NA,37,538,14.5,4,NA,0,70
"JAMESWHITE","James White","RB","NE",55,185,NA,NA,NA,NA,NA,NA,NA,94,462.5,4.9,3,21.5,182,8.5,0.5,NA,0,69
"RONNIEHILLMAN","Ronnie Hillman","RB","DEN",55,185,NA,NA,NA,NA,NA,NA,NA,96,424,4.4,4,18,156,8.7,1,NA,1,69
"JEREMYKERLEY","Jeremy Kerley","WR","NYJ",73,185,NA,NA,NA,NA,NA,NA,NA,NA,NA,NA,NA,45.5,601,13.2,3,NA,1,69
"DAVANTEADAMS","Davante Adams","WR","GB",74,188,NA,NA,NA,NA,NA,NA,NA,NA,NA,NA,NA,35.5,536.5,15.1,4,NA,1,68
"LANCEMOORE","Lance Moore","WR","PIT",74,188,NA,NA,NA,NA,NA,NA,NA,NA,NA,NA,NA,49.5,619,12.5,2.5,NA,0,68
"SCOTTCHANDLER","Scott Chandler","TE","BUF",24,188,NA,NA,NA,NA,NA,NA,NA,NA,NA,NA,NA,45.5,538.5,11.8,4,NA,1,68
"MIKEWILLIAMS","Mike Williams","WR","BUF",76,191,NA,NA,NA,NA,NA,NA,NA,NA,NA,NA,NA,43,583.5,13.6,3,NA,0.5,67
"DONNIEAVERY","Donnie Avery","WR","KC",76,191,NA,NA,NA,NA,NA,NA,NA,NA,NA,NA,NA,44.5,603.5,13.6,2.5,NA,0,67
"KNILEDAVIS","Knile Davis","RB","KC",57,193,NA,NA,NA,NA,NA,NA,NA,101,497.5,4.9,2.5,14,128.5,9.2,0.5,NA,0.5,66
"MYCHALRIVERA","Mychal Rivera","TE","OAK",25,194,NA,NA,NA,NA,NA,NA,NA,NA,NA,NA,NA,44,493.5,11.2,4,NA,0,65
"ANDREROBERTS","Andre Roberts","WR","WAS",78,195,NA,NA,NA,NA,NA,NA,NA,NA,NA,NA,NA,52,578.5,11.1,2.5,NA,0.5,64
"BRANDONLAFELL","Brandon LaFell","WR","NE",78,195,NA,NA,NA,NA,NA,NA,NA,NA,NA,NA,NA,34.5,520,15.1,3.5,NA,0.5,64
"TYLEREIFERT","Tyler Eifert","TE","CIN",26,195,NA,NA,NA,NA,NA,NA,NA,NA,NA,NA,NA,37.5,502.5,13.4,3.5,NA,0,64
"TRAVISKELCE","Travis Kelce","TE","KC",26,195,NA,NA,NA,NA,NA,NA,NA,NA,NA,NA,NA,37,514,13.9,3.5,NA,0.5,64
"JEROMESIMPSON","Jerome Simpson","WR","MIN",80,199,NA,NA,NA,NA,NA,NA,NA,NA,NA,NA,NA,38.5,569.5,14.8,2.5,NA,1,62
"LANCEDUNBAR","Lance Dunbar","RB","DAL",58,200,NA,NA,NA,NA,NA,NA,NA,73.5,322,4.4,1.5,34.5,294.5,8.5,1,NA,0,61
"AARONDOBSON","Aaron Dobson","WR","NE",81,200,NA,NA,NA,NA,NA,NA,NA,NA,NA,NA,NA,36,511,14.2,3,NA,0,61
"TIMOTHYWRIGHT","Timothy Wright","TE","TB",28,200,NA,NA,NA,NA,NA,NA,NA,NA,NA,NA,NA,36,419.5,11.7,4.5,NA,0,61
"STEVEJOHNSON","Steve Johnson","WR","SF",82,203,NA,NA,NA,NA,NA,NA,NA,NA,NA,NA,NA,43.5,558,12.8,2.5,NA,1,60
"DENARIUSMOORE","Denarius Moore","WR","OAK",82,203,NA,NA,NA,NA,NA,NA,NA,NA,NA,NA,NA,32.5,524,16.1,3,NA,1.5,60
"JAMESSTARKS","James Starks","RB","GB",59,205,NA,NA,NA,NA,NA,NA,NA,105.5,477.5,4.5,3,13,111,8.5,0,NA,1,59
"KENBRELLTHOMPKINS","Kenbrell Thompkins","WR","NE",84,205,NA,NA,NA,NA,NA,NA,NA,NA,NA,NA,NA,34,492,14.5,3,NA,0,59
"BRIANQUICK","Brian Quick","WR","STL",84,205,NA,NA,NA,NA,NA,NA,NA,NA,NA,NA,NA,35,492,14.1,3,NA,0,59
"BRENTCELEK","Brent Celek","TE","PHI",29,205,NA,NA,NA,NA,NA,NA,NA,NA,NA,NA,NA,38,464.5,12.2,3.5,NA,0.5,59
"LEVINETOILOLO","Levine Toilolo","TE","ATL",30,209,NA,NA,NA,NA,NA,NA,NA,NA,NA,NA,NA,32.5,422.5,13,4,NA,0,58
"CHRISGIVENS","Chris Givens","WR","STL",86,210,NA,NA,NA,NA,NA,NA,NA,NA,NA,NA,NA,36,534,14.8,2,NA,0.5,57
"COBYFLEENER","Coby Fleener","TE","IND",31,210,NA,NA,NA,NA,NA,NA,NA,NA,NA,NA,NA,35.5,447.5,12.6,3.5,NA,0,57
"MIKETOLBERT","Mike Tolbert","RB","CAR",60,212,NA,NA,NA,NA,NA,NA,NA,82,303.5,3.7,3.5,22.5,151,6.7,1,NA,0,55
"AHMADBRADSHAW","Ahmad Bradshaw","RB","IND",60,212,NA,NA,NA,NA,NA,NA,NA,106.5,436.5,4.1,2,19.5,158.5,8.1,0.5,NA,1.5,55
"DEREKCARR","Derek Carr","QB","OAK",36,214,158,99.5,1070,5.5,5,63,6.8,8,19.5,2.4,0,NA,NA,NA,NA,NA,2,54
"MARTAVISBRYANT","Martavis Bryant","WR","PIT",87,214,NA,NA,NA,NA,NA,NA,NA,NA,NA,NA,NA,25.5,436.5,17.1,3,NA,0,54
"JERMAINEGRESHAM","Jermaine Gresham","TE","CIN",32,214,NA,NA,NA,NA,NA,NA,NA,NA,NA,NA,NA,38,432.5,11.4,3.5,NA,1.5,54
"ZACHMILLER","Zach Miller","TE","SEA",32,214,NA,NA,NA,NA,NA,NA,NA,NA,NA,NA,NA,31.5,371.5,11.8,4,NA,0,54
"JONATHANSTEWART","Jonathan Stewart","RB","CAR",62,218,NA,NA,NA,NA,NA,NA,NA,89,378.5,4.3,2,18,135,7.5,1,NA,0.5,53
"ROYHELU","Roy Helu","RB","WAS",62,218,NA,NA,NA,NA,NA,NA,NA,78.5,327.5,4.2,1,37,296.5,8,0.5,NA,1,53
"NATEBURLESON","Nate Burleson","WR","CLE",88,218,NA,NA,NA,NA,NA,NA,NA,NA,NA,NA,NA,41.5,488,11.8,2,NA,0,53
"DONALDBROWN","Donald Brown","RB","SD",64,221,NA,NA,NA,NA,NA,NA,NA,88,391.5,4.4,2,16.5,140.5,8.5,0.5,NA,0,52
"ALLENROBINSON","Allen Robinson","WR","JAC",89,221,NA,NA,NA,NA,NA,NA,NA,NA,NA,NA,NA,32,474.5,14.8,2.5,NA,1,52
"AUSTINPETTIS","Austin Pettis","WR","STL",89,221,NA,NA,NA,NA,NA,NA,NA,NA,NA,NA,NA,35.5,389.5,11,3.5,NA,0,52
"PAULRICHARDSON","Paul Richardson","WR","SEA",91,224,NA,NA,NA,NA,NA,NA,NA,NA,NA,NA,NA,23,441.5,19.2,2.5,NA,0,51
"JARVISLANDRY","Jarvis Landry","WR","MIA",91,224,NA,NA,NA,NA,NA,NA,NA,NA,NA,NA,NA,33.5,428,12.8,3,NA,0.5,51
"BRANDONGIBSON","Brandon Gibson","WR","MIA",91,224,NA,NA,NA,NA,NA,NA,NA,NA,NA,NA,NA,41,477.5,11.6,2,NA,0,51
"BRIANHOYER","Brian Hoyer","QB","CLE",37,227,114.5,67.5,740.5,7,5,59,6.5,8,23.5,2.9,0,NA,NA,NA,NA,NA,1.5,50
"JUNIORHEMINGWAY","Junior Hemingway","WR","KC",94,228,NA,NA,NA,NA,NA,NA,NA,NA,NA,NA,NA,30,389,13,3,NA,0,49
"ADRIENROBINSON","Adrien Robinson","TE","NYG",34,228,NA,NA,NA,NA,NA,NA,NA,NA,NA,NA,NA,32,424.5,13.3,2.5,NA,0,49
"AUSTINSEFERIANJENKINS","Austin Seferian-Jenkins","TE","TB",34,228,NA,NA,NA,NA,NA,NA,NA,NA,NA,NA,NA,30,354,11.8,3.5,NA,0,49
"JERICKMCKINNON","Jerick McKinnon","RB","MIN",65,231,NA,NA,NA,NA,NA,NA,NA,61.5,276,4.5,1.5,25,217.5,8.7,1,NA,0.5,48
"TRAVARISCADET","Travaris Cadet","RB","NO",65,231,NA,NA,NA,NA,NA,NA,NA,46,224.5,4.9,0.5,34.5,271,7.9,2,NA,0,48
"MARQUISEGOODWIN","Marquise Goodwin","WR","BUF",95,231,NA,NA,NA,NA,NA,NA,NA,NA,NA,NA,NA,23,373.5,16.2,3,NA,0.5,48
"JASONAVANT","Jason Avant","WR","CAR",95,231,NA,NA,NA,NA,NA,NA,NA,NA,NA,NA,NA,35,421,12,2.5,NA,0.5,48
"COLEBEASLEY","Cole Beasley","WR","DAL",95,231,NA,NA,NA,NA,NA,NA,NA,NA,NA,NA,NA,37,407,11,2.5,NA,0,48
"MARLONBROWN","Marlon Brown","WR","BAL",95,231,NA,NA,NA,NA,NA,NA,NA,NA,NA,NA,NA,34,437.5,12.9,2,NA,0,48
"ROBERTTURBIN","Robert Turbin","RB","SEA",67,237,NA,NA,NA,NA,NA,NA,NA,83,385.5,4.6,2,13,118.5,9.1,0,NA,0.5,47
"JEFFCUMBERLAND","Jeff Cumberland","TE","NYJ",36,238,NA,NA,NA,NA,NA,NA,NA,NA,NA,NA,NA,31.5,386.5,12.3,2.5,NA,0,46
"OWENDANIELS","Owen Daniels","TE","BAL",36,238,NA,NA,NA,NA,NA,NA,NA,NA,NA,NA,NA,33.5,391.5,11.7,2.5,NA,0,46
"THADLEWIS","Thad Lewis","QB","BUF",38,240,129.5,77.5,837.5,3.5,1.5,59.8,6.5,8,18,2.2,0,NA,NA,NA,NA,NA,1,44
"BRANDONBOSTICK","Brandon Bostick","TE","GB",38,240,NA,NA,NA,NA,NA,NA,NA,NA,NA,NA,NA,22.5,337,15,3,NA,0.5,44
"ANDREWQUARLESS","Andrew Quarless","TE","GB",39,242,NA,NA,NA,NA,NA,NA,NA,NA,NA,NA,NA,27,335.5,12.4,3,NA,0,43
"JACQUIZZRODGERS","Jacquizz Rodgers","RB","ATL",68,243,NA,NA,NA,NA,NA,NA,NA,70.5,279.5,4,0.5,28.5,207.5,7.3,1.5,NA,1,42
"CJANDERSON","C.J. Anderson","RB","DEN",68,243,NA,NA,NA,NA,NA,NA,NA,77.5,327,4.2,2,9.5,79,8.3,0.5,NA,0.5,42
"MARCUSLATTIMORE","Marcus Lattimore","RB","SF",68,243,NA,NA,NA,NA,NA,NA,NA,72.5,332,4.6,2.5,6.5,58,8.9,0,NA,0,42
"ANTHONYFASANO","Anthony Fasano","TE","KC",40,243,NA,NA,NA,NA,NA,NA,NA,NA,NA,NA,NA,28.5,303,10.6,3.5,NA,0,42
"DRIARCHER","Dri Archer","RB","PIT",71,247,NA,NA,NA,NA,NA,NA,NA,32.5,162.5,5,1,26,261,10,1.5,NA,0.5,41
"MARCELREECE","Marcel Reece","RB","OAK",71,247,NA,NA,NA,NA,NA,NA,NA,39.5,179.5,4.5,2,26.5,236.5,8.9,0.5,NA,0,41
"EDDICKSON","Ed Dickson","TE","CAR",41,249,NA,NA,NA,NA,NA,NA,NA,NA,NA,NA,NA,34,363.5,10.7,2,NA,0,40
"MATTCASSEL","Matt Cassel","QB","MIN",39,250,116,71.5,775,4,3,61.6,6.7,8,31.5,3.9,0,NA,NA,NA,NA,NA,1,39
"CHRISPOLK","Chris Polk","RB","PHI",73,250,NA,NA,NA,NA,NA,NA,NA,64.5,298,4.6,2.5,10.5,82,7.8,0,NA,0.5,39
"LATAVIUSMURRAY","Latavius Murray","RB","OAK",73,250,NA,NA,NA,NA,NA,NA,NA,60.5,256,4.2,3,10,74.5,7.5,0,NA,0,39
"LANCEKENDRICKS","Lance Kendricks","TE","STL",42,253,NA,NA,NA,NA,NA,NA,NA,NA,NA,NA,NA,27.5,305.5,11.1,2.5,NA,0,38
"LUKEWILLSON","Luke Willson","TE","SEA",42,253,NA,NA,NA,NA,NA,NA,NA,NA,NA,NA,NA,22.5,304.5,13.5,2.5,NA,0,38
"DENARDROBINSON","Denard Robinson","RB","JAC",75,255,NA,NA,NA,NA,NA,NA,NA,66,304.5,4.6,1.5,13.5,122,9,0.5,NA,1.5,37
"BOBBYRAINEY","Bobby Rainey","RB","TB",75,255,NA,NA,NA,NA,NA,NA,NA,71,296.5,4.2,1.5,14,104.5,7.5,0.5,NA,0,37
"JORDANTODMAN","Jordan Todman","RB","JAC",77,257,NA,NA,NA,NA,NA,NA,NA,70.5,310,4.4,1,18.5,150,8.1,0.5,NA,1.5,36
"BENJARVUSGREENELLIS","BenJarvus Green-Ellis","RB","CIN",77,257,NA,NA,NA,NA,NA,NA,NA,79.5,301,3.8,2.5,4,26.5,6.6,0,NA,0.5,36
"BRANDONPETTIGREW","Brandon Pettigrew","TE","DET",44,257,NA,NA,NA,NA,NA,NA,NA,NA,NA,NA,NA,27,274.5,10.2,3,NA,1,36
"CJFIEDOROWICZ","C.J. Fiedorowicz","TE","HOU",44,257,NA,NA,NA,NA,NA,NA,NA,NA,NA,NA,NA,23,293,12.7,2.5,NA,0,36
"BILALPOWELL","Bilal Powell","RB","NYJ",79,261,NA,NA,NA,NA,NA,NA,NA,60,252,4.2,1,20.5,162.5,7.9,0.5,NA,0,35
"JOHNCARLSON","John Carlson","TE","ARI",46,261,NA,NA,NA,NA,NA,NA,NA,NA,NA,NA,NA,28,286.5,10.2,2.5,NA,0,35
"JOSEPHFAURIA","Joseph Fauria","TE","DET",47,263,NA,NA,NA,NA,NA,NA,NA,NA,NA,NA,NA,20.5,251.5,12.3,3,NA,0.5,34
"ROBHOUSLER","Rob Housler","TE","ARI",48,264,NA,NA,NA,NA,NA,NA,NA,NA,NA,NA,NA,25.5,294,11.5,2,NA,0,33
"MIKEJAMES","Mike James","RB","TB",80,265,NA,NA,NA,NA,NA,NA,NA,63.5,281.5,4.4,1.5,12,87,7.2,0,NA,0.5,32
"DANIELTHOMAS","Daniel Thomas","RB","MIA",80,265,NA,NA,NA,NA,NA,NA,NA,67.5,266.5,3.9,2,11,76.5,7,0,NA,0.5,32
"BRANDONMYERS","Brandon Myers","TE","TB",49,265,NA,NA,NA,NA,NA,NA,NA,NA,NA,NA,NA,25.5,278,10.9,2,NA,0,32
"BRANDONBOLDEN","Brandon Bolden","RB","NE",82,268,NA,NA,NA,NA,NA,NA,NA,62,284,4.6,1.5,7.5,58.5,7.8,0,NA,0,31
"KADEEMCAREY","Ka'Deem Carey","RB","CHI",83,269,NA,NA,NA,NA,NA,NA,NA,50.5,232,4.6,1.5,12.5,102.5,8.2,0.5,NA,0.5,30
"BRYCEBROWN","Bryce Brown","RB","BUF",84,270,NA,NA,NA,NA,NA,NA,NA,66.5,294.5,4.4,1.5,7.5,56,7.5,0,NA,1.5,29
"KIRKCOUSINS","Kirk Cousins","QB","WAS",40,271,98.5,54.5,595,3,2.5,55.3,6,2.5,10,4,0,NA,NA,NA,NA,NA,0.5,28
"MIKEGLENNON","Mike Glennon","QB","TB",41,272,78,46.5,556.5,3,2.5,59.6,7.1,8,23,2.9,0,NA,NA,NA,NA,NA,1,27
"MATTASIATA","Matt Asiata","RB","MIN",85,272,NA,NA,NA,NA,NA,NA,NA,53.5,209.5,3.9,2,5.5,36.5,6.6,0,NA,0,27
"ISAIAHCROWELL","Isaiah Crowell","RB","CLE",85,272,NA,NA,NA,NA,NA,NA,NA,64.5,293.5,4.6,0.5,10,67.5,6.8,0,NA,0,27
"LORENZOTALIAFERRO","Lorenzo Taliaferro","RB","BAL",85,272,NA,NA,NA,NA,NA,NA,NA,60.5,286,4.7,1,6,36.5,6.1,0,NA,0,27
"PEYTONHILLIS","Peyton Hillis","RB","NYG",85,272,NA,NA,NA,NA,NA,NA,NA,60,233.5,3.9,1.5,15.5,108,7,0,NA,0.5,27
"LACHESEASTRUNK","Lache Seastrunk","RB","WAS",85,272,NA,NA,NA,NA,NA,NA,NA,53,234.5,4.4,1.5,6.5,67,10.3,0,NA,0,27
"SHAUNHILL","Shaun Hill","QB","STL",42,278,60,36.5,407,3.5,1.5,60.8,6.8,3,9.5,3.2,0,NA,NA,NA,NA,NA,0.5,26
"DUJUANHARRIS","DuJuan Harris","RB","GB",90,279,NA,NA,NA,NA,NA,NA,NA,59,250,4.2,1,8,54.5,6.8,0,NA,0,25
"ALFREDBLUE","Alfred Blue","RB","HOU",90,279,NA,NA,NA,NA,NA,NA,NA,48.5,214.5,4.4,1.5,8.5,60.5,7.1,0,NA,0,25
"JUSTINFORSETT","Justin Forsett","RB","BAL",92,281,NA,NA,NA,NA,NA,NA,NA,65.5,283.5,4.3,0.5,6.5,40,6.2,0,NA,0,24
"ANTHONYDIXON","Anthony Dixon","RB","BUF",93,282,NA,NA,NA,NA,NA,NA,NA,31,135.5,4.4,2.5,2,16.5,8.2,0,NA,0,22
"DARRELYOUNG","Darrel Young","RB","WAS",94,283,NA,NA,NA,NA,NA,NA,NA,13.5,53,3.9,2,8.5,92,10.8,0.5,NA,0,21
"JONATHANDWYER","Jonathan Dwyer","RB","ARI",94,283,NA,NA,NA,NA,NA,NA,NA,62.5,254.5,4.1,0.5,6.5,48.5,7.5,0,NA,0.5,21
"SHAUNDRAUGHN","Shaun Draughn","RB","CHI",94,283,NA,NA,NA,NA,NA,NA,NA,45,196.5,4.4,1,9.5,73,7.7,0,NA,0,21
"JACKIEBATTLE","Jackie Battle","RB","TEN",97,286,NA,NA,NA,NA,NA,NA,NA,45.5,182.5,4,1,2.5,19.5,7.8,0,NA,0,18
"CHARLESSIMS","Charles Sims","RB","TB",97,286,NA,NA,NA,NA,NA,NA,NA,32.5,141,4.3,0.5,13.5,119.5,8.9,1,NA,1,18
"JORDANPALMER","Jordan Palmer","QB","CHI",43,288,79.5,46.5,539.5,1,1.5,58.5,6.8,3,7.5,2.5,0,NA,NA,NA,NA,NA,0.5,16
"ZACHMETTENBERGER","Zach Mettenberger","QB","TEN",44,289,39,23.5,283,2.5,2,60.3,7.3,2,1.5,0.8,0,NA,NA,NA,NA,NA,0.5,14
"CHARLIEWHITEHURST","Charlie Whitehurst","QB","TEN",45,290,52.5,30,302.5,2,2,57.1,5.8,7.5,17.5,2.3,0,NA,NA,NA,NA,NA,1,11
"MARKSANCHEZ","Mark Sanchez","QB","PHI",45,290,27,17,184,1.5,0,63,6.8,3.5,5,1.4,0,NA,NA,NA,NA,NA,0,11
"DEREKANDERSON","Derek Anderson","QB","CAR",47,292,17,11,122,1.5,0.5,64.7,7.2,1.5,5.5,3.7,0,NA,NA,NA,NA,NA,0,10
"JOSHFREEMAN","Josh Freeman","QB","NYG",48,293,18.5,11,138.5,1,0,59.5,7.5,2,11,5.5,0,NA,NA,NA,NA,NA,0,8
"MATTFLYNN","Matt Flynn","QB","GB",48,293,19,12,143.5,1,0,63.2,7.6,2.5,10,4,0,NA,NA,NA,NA,NA,0,8
"BLAINEGABBERT","Blaine Gabbert","QB","SF",48,293,16.5,10.5,122,1,0,63.6,7.4,1.5,5.5,3.7,0,NA,NA,NA,NA,NA,0,8
"BRANDONWEEDEN","Brandon Weeden","QB","DAL",51,296,46.5,28,315,1,1.5,60.2,6.8,1,1,1,0,NA,NA,NA,NA,NA,0.5,6
"MATTMOORE","Matt Moore","QB","MIA",52,297,38.5,22.5,238.5,1,1,58.4,6.2,2,4.5,2.2,0,NA,NA,NA,NA,NA,1,5
"JASONCAMPBELL","Jason Campbell","QB","CIN",53,298,17.5,9.5,123,0,0.5,54.3,7,0.5,1,2,0,NA,NA,NA,NA,NA,0,1
"BROCKOSWEILER","Brock Osweiler","QB","DEN",54,299,3,2,27,0,0,66.7,9,1,0,0,0,NA,NA,NA,NA,NA,0,0
