"name","name_espn","pos","team_espn","positionRank_espn","overallRank_espn","passAtt_espn","passComp_espn","passYds_espn","passTds_espn","passInt_espn","rushYds_espn","rushTds_espn","rec_espn","recYds_espn","recTds_espn","twoPts_espn","fumbles_espn","pts_espn"
"PEYTONMANNING","Peyton Manning","QB","DEN",1,1,640,435,5210,48,12,-14,0,0,0,0,NA,NA,368
"AARONRODGERS","Aaron Rodgers","QB","GB",2,2,514,348,4378,39,7,225,2,0,0,0,NA,NA,347
"DREWBREES","Drew Brees","QB","NO",3,3,626,435,4880,39,15,64,1,0,0,0,NA,NA,329
"CAMNEWTON","Cam Newton","QB","CAR",5,4,462,276,3365,20,15,637,8,0,0,0,NA,NA,289
"ROBERTGRIFFIN","Robert Griffin III","QB","WAS",7,5,490,294,3789,22,13,563,4,0,0,0,NA,NA,285
"MATTHEWSTAFFORD","Matthew Stafford","QB","DET",4,6,649,397,4471,32,18,84,2,0,0,0,NA,NA,284
"ANDREWLUCK","Andrew Luck","QB","IND",6,7,581,357,4071,23,10,365,3,0,0,0,NA,NA,282
"NICKFOLES","Nick Foles","QB","PHI",8,8,467,299,3969,26,11,273,3,0,0,0,NA,NA,277
"RUSSELLWILSON","Russell Wilson","QB","SEA",10,9,400,257,3264,25,10,497,3,0,0,0,NA,NA,269
"COLINKAEPERNICK","Colin Kaepernick","QB","SF",9,10,427,248,3378,22,11,474,4,0,0,0,NA,NA,266
"TONYROMO","Tony Romo","QB","DAL",13,11,633,413,4654,28,15,29,0,0,0,0,NA,NA,264
"MATTRYAN","Matt Ryan","QB","ATL",11,12,627,419,4377,28,14,86,0,0,0,0,NA,NA,261
"TOMBRADY","Tom Brady","QB","NE",12,12,626,402,4287,26,9,21,1,0,0,0,NA,NA,261
"PHILIPRIVERS","Philip Rivers","QB","SD",14,12,544,364,4392,28,12,45,0,0,0,0,NA,NA,261
"ADRIANPETERSON","Adrian Peterson","RB","MIN",1,15,0,0,0,0,0,1365,13,40,289,2,NA,NA,250
"JAYCUTLER","Jay Cutler","QB","CHI",15,16,485,302,3653,28,16,196,1,0,0,0,NA,NA,245
"JAMAALCHARLES","Jamaal Charles","RB","KC",3,17,0,0,0,0,0,1260,7,64,587,4,NA,NA,244
"LESEANMCCOY","LeSean McCoy","RB","PHI",2,18,0,0,0,0,0,1402,9,42,342,3,NA,NA,242
"ANDYDALTON","Andy Dalton","QB","CIN",17,19,520,317,3562,27,15,137,2,0,0,0,NA,NA,237
"CALVINJOHNSON","Calvin Johnson","WR","DET",1,20,0,0,0,0,0,0,0,94,1664,12,NA,NA,236
"BENROETHLISBERGER","Ben Roethlisberger","QB","PIT",16,21,511,319,3744,26,13,100,1,0,0,0,NA,NA,235
"MATTFORTE","Matt Forte","RB","CHI",4,21,0,0,0,0,0,1227,8,70,576,2,NA,NA,235
"MARSHAWNLYNCH","Marshawn Lynch","RB","SEA",5,23,0,0,0,0,0,1285,12,33,279,1,NA,NA,229
"ELIMANNING","Eli Manning","QB","NYG",18,24,550,340,3912,25,16,27,0,0,0,0,NA,NA,222
"CARSONPALMER","Carson Palmer","QB","ARI",19,25,566,346,4191,23,17,23,0,0,0,0,NA,NA,221
"RYANTANNEHILL","Ryan Tannehill","QB","MIA",22,26,545,325,3672,23,17,209,1,0,0,0,NA,NA,220
"DEMARYIUSTHOMAS","Demaryius Thomas","WR","DEN",2,27,0,0,0,0,0,0,0,93,1400,13,NA,NA,216
"EDDIELACY","Eddie Lacy","RB","GB",6,28,0,0,0,0,0,1220,10,42,301,1,NA,NA,214
"JOEFLACCO","Joe Flacco","QB","BAL",21,29,554,329,3905,22,18,61,1,0,0,0,NA,NA,212
"ALEXSMITH","Alex Smith","QB","KC",24,29,503,304,3122,18,8,327,1,0,0,0,NA,NA,212
"JOSHMCCOWN","Josh McCown","QB","TB",20,31,415,246,3365,22,10,87,1,0,0,0,NA,NA,210
"DOUGMARTIN","Doug Martin","RB","TB",8,32,0,0,0,0,0,1192,8,43,316,1,NA,NA,200
"DEZBRYANT","Dez Bryant","WR","DAL",4,32,0,0,0,0,0,8,0,100,1327,12,NA,NA,200
"AJGREEN","A.J. Green","WR","CIN",3,34,0,0,0,0,0,0,0,90,1336,11,NA,NA,199
"BRANDONMARSHALL","Brandon Marshall","WR","CHI",5,35,0,0,0,0,0,0,0,95,1230,12,NA,NA,195
"LEVEONBELL","Le'Veon Bell","RB","PIT",10,36,0,0,0,0,0,1073,8,52,358,1,NA,NA,192
"JULIOJONES","Julio Jones","WR","ATL",6,37,0,0,0,0,0,19,0,97,1387,9,NA,NA,191
"DEMARCOMURRAY","DeMarco Murray","RB","DAL",9,38,0,0,0,0,0,989,8,56,425,1,NA,NA,190
"JIMMYGRAHAM","Jimmy Graham","TE","NO",1,39,0,0,0,0,0,0,0,84,1115,13,NA,NA,189
"JORDYNELSON","Jordy Nelson","WR","GB",7,40,0,0,0,0,0,0,0,82,1286,10,NA,NA,188
"ALSHONJEFFERY","Alshon Jeffery","WR","CHI",8,40,0,0,0,0,0,85,1,85,1284,8,NA,NA,188
"ANTONIOBROWN","Antonio Brown","WR","PIT",9,42,0,0,0,0,0,47,0,109,1435,7,NA,NA,187
"ARIANFOSTER","Arian Foster","RB","HOU",7,43,0,0,0,0,0,1034,8,37,307,1,NA,NA,183
"RANDALLCOBB","Randall Cobb","WR","GB",10,43,0,0,0,0,0,123,0,87,1233,8,NA,NA,183
"ZACSTACY","Zac Stacy","RB","STL",11,45,0,0,0,0,0,1187,9,21,127,0,NA,NA,182
"ALFREDMORRIS","Alfred Morris","RB","WAS",12,45,0,0,0,0,0,1287,9,8,62,0,NA,NA,182
"EJMANUEL","EJ Manuel","QB","BUF",25,47,397,224,2558,14,11,304,3,0,0,0,NA,NA,180
"SAMBRADFORD","Sam Bradford","QB","STL",26,48,486,288,3121,21,14,31,0,0,0,0,NA,NA,179
"MONTEEBALL","Montee Ball","RB","DEN",13,48,0,0,0,0,0,943,9,54,333,1,NA,NA,179
"ANDREJOHNSON","Andre Johnson","WR","HOU",11,50,0,0,0,0,0,0,0,100,1367,7,NA,NA,178
"GIOVANIBERNARD","Giovani Bernard","RB","CIN",14,51,0,0,0,0,0,927,3,52,478,4,NA,NA,177
"REGGIEBUSH","Reggie Bush","RB","DET",15,52,0,0,0,0,0,904,5,50,456,3,NA,NA,175
"JOHNNYMANZIEL","Johnny Manziel","QB","CLE",23,53,348,195,2456,12,15,351,5,0,0,0,NA,NA,173
"VINCENTJACKSON","Vincent Jackson","WR","TB",12,54,0,0,0,0,0,12,0,73,1235,8,NA,NA,172
"TRENTRICHARDSON","Trent Richardson","RB","IND",21,55,0,0,0,0,0,987,6,43,326,1,NA,NA,170
"BENTATE","Ben Tate","RB","CLE",16,56,0,0,0,0,0,1026,7,40,311,0,NA,NA,169
"FRANKGORE","Frank Gore","RB","SF",19,56,0,0,0,0,0,1123,8,15,130,0,NA,NA,169
"CJSPILLER","C.J. Spiller","RB","BUF",18,58,0,0,0,0,0,1001,5,37,316,1,NA,NA,165
"ANDREELLINGTON","Andre Ellington","RB","ARI",20,58,0,0,0,0,0,867,3,48,457,3,NA,NA,165
"JULIUSTHOMAS","Julius Thomas","TE","DEN",2,60,0,0,0,0,0,0,0,72,923,12,NA,NA,164
"RYANMATHEWS","Ryan Mathews","RB","SD",17,61,0,0,0,0,0,1065,7,19,176,0,NA,NA,163
"JAKELOCKER","Jake Locker","QB","TEN",28,62,347,209,2413,14,9,262,1,0,0,0,NA,NA,162
"RAYRICE","Ray Rice","RB","BAL",23,63,0,0,0,0,0,901,6,54,330,1,NA,NA,161
"JOIQUEBELL","Joique Bell","RB","DET",27,64,0,0,0,0,0,812,6,43,417,1,NA,NA,160
"RYANFITZPATRICK","Ryan Fitzpatrick","QB","HOU",32,65,402,245,2645,15,13,208,1,0,0,0,NA,NA,157
"CHRISJOHNSON","Chris Johnson","RB","NYJ",25,65,0,0,0,0,0,802,6,38,330,2,NA,NA,157
"STEVANRIDLEY","Stevan Ridley","RB","NE",29,67,0,0,0,0,0,1107,8,8,60,0,NA,NA,156
"RASHADJENNINGS","Rashad Jennings","RB","NYG",24,68,0,0,0,0,0,960,7,31,218,0,NA,NA,155
"LARRYFITZGERALD","Larry Fitzgerald","WR","ARI",13,69,0,0,0,0,0,11,0,88,1057,8,NA,NA,154
"TOBYGERHART","Toby Gerhart","RB","JAC",22,70,0,0,0,0,0,931,6,33,253,0,NA,NA,150
"KEENANALLEN","Keenan Allen","WR","SD",15,70,0,0,0,0,0,0,0,85,1045,8,NA,NA,150
"GENOSMITH","Geno Smith","QB","NYJ",27,72,270,162,1819,15,11,251,3,0,0,0,NA,NA,149
"STEVENJACKSON","Steven Jackson","RB","ATL",26,72,0,0,0,0,0,877,6,27,221,1,NA,NA,149
"PIERREGARCON","Pierre Garcon","WR","WAS",14,74,0,0,0,0,0,19,0,96,1129,6,NA,NA,147
"DESEANJACKSON","DeSean Jackson","WR","WAS",18,74,0,0,0,0,0,26,0,65,1031,7,NA,NA,147
"SHANEVEREEN","Shane Vereen","RB","NE",28,76,0,0,0,0,0,436,2,72,687,4,NA,NA,145
"VICTORCRUZ","Victor Cruz","WR","NYG",16,77,0,0,0,0,0,0,0,80,1042,7,NA,NA,144
"TORREYSMITH","Torrey Smith","WR","BAL",22,78,0,0,0,0,0,12,0,61,1056,6,NA,NA,142
"MICHAELCRABTREE","Michael Crabtree","WR","SF",21,79,0,0,0,0,0,12,0,80,1043,6,NA,NA,141
"RODDYWHITE","Roddy White","WR","ATL",17,80,0,0,0,0,0,0,0,80,1004,7,NA,NA,140
"TYHILTON","T.Y. Hilton","WR","IND",27,80,0,0,0,0,0,26,0,74,1087,5,NA,NA,140
"ROBGRONKOWSKI","Rob Gronkowski","TE","NE",3,80,0,0,0,0,0,0,0,63,920,8,NA,NA,140
"GOLDENTATE","Golden Tate","WR","DET",31,83,0,0,0,0,0,50,0,84,1041,5,NA,NA,139
"CORDARRELLEPATTERSON","Cordarrelle Patterson","WR","MIN",24,84,0,0,0,0,0,104,1,73,814,7,NA,NA,137
"MICHAELVICK","Michael Vick","QB","NYJ",29,85,244,138,1843,11,9,298,2,0,0,0,NA,NA,136
"JULIANEDELMAN","Julian Edelman","WR","NE",25,85,0,0,0,0,0,34,0,96,935,7,NA,NA,136
"MICHAELFLOYD","Michael Floyd","WR","ARI",23,87,0,0,0,0,0,0,0,70,1076,5,NA,NA,135
"WESWELKER","Wes Welker","WR","DEN",19,88,0,0,0,0,0,0,0,76,998,6,NA,NA,133
"REGGIEWAYNE","Reggie Wayne","WR","IND",28,89,0,0,0,0,0,0,0,90,1108,4,NA,NA,132
"MIKEWALLACE","Mike Wallace","WR","MIA",34,90,0,0,0,0,0,31,0,76,986,5,NA,NA,131
"VERNONDAVIS","Vernon Davis","TE","SF",4,90,0,0,0,0,0,0,0,56,835,11,NA,NA,131
"KNOWSHONMORENO","Knowshon Moreno","RB","MIA",40,92,0,0,0,0,0,710,5,31,240,1,NA,NA,129
"JORDANCAMERON","Jordan Cameron","TE","CLE",6,92,0,0,0,0,0,0,0,74,879,7,NA,NA,129
"ERICDECKER","Eric Decker","WR","NYJ",35,94,0,0,0,0,0,0,0,64,947,6,NA,NA,128
"DENNISPITTA","Dennis Pitta","TE","BAL",8,94,0,0,0,0,0,0,0,73,800,8,NA,NA,128
"PERCYHARVIN","Percy Harvin","WR","SEA",20,96,0,0,0,0,0,81,1,77,916,4,NA,NA,127
"JEREMYMACLIN","Jeremy Maclin","WR","PHI",26,96,0,0,0,0,0,0,0,63,875,7,NA,NA,127
"KENDALLWRIGHT","Kendall Wright","WR","TEN",32,96,0,0,0,0,0,8,0,91,1051,4,NA,NA,127
"SAMMYWATKINS","Sammy Watkins","WR","BUF",33,96,0,0,0,0,0,42,0,65,893,6,NA,NA,127
"TERRANCEWILLIAMS","Terrance Williams","WR","DAL",36,96,0,0,0,0,0,19,0,57,928,6,NA,NA,127
"EMMANUELSANDERS","Emmanuel Sanders","WR","DEN",30,101,0,0,0,0,0,19,0,77,971,5,NA,NA,126
"MATTSCHAUB","Matt Schaub","QB","OAK",30,102,388,230,2475,12,12,41,0,0,0,0,NA,NA,125
"BISHOPSANKEY","Bishop Sankey","RB","TEN",30,102,0,0,0,0,0,745,5,26,191,1,NA,NA,125
"MARQUESCOLSTON","Marques Colston","WR","NO",29,104,0,0,0,0,0,0,0,73,907,6,NA,NA,124
"DANNYWOODHEAD","Danny Woodhead","RB","SD",39,105,0,0,0,0,0,385,1,67,534,5,NA,NA,123
"JASONWITTEN","Jason Witten","TE","DAL",5,105,0,0,0,0,0,0,0,74,818,7,NA,NA,123
"CHADHENNE","Chad Henne","QB","JAC",31,107,366,216,2435,11,12,79,0,0,0,0,NA,NA,122
"DEANGELOWILLIAMS","DeAngelo Williams","RB","CAR",35,107,0,0,0,0,0,814,3,23,210,1,NA,NA,122
"ANQUANBOLDIN","Anquan Boldin","WR","SF",38,109,0,0,0,0,0,14,0,69,967,4,NA,NA,121
"MAURICEJONESDREW","Maurice Jones-Drew","RB","OAK",32,110,0,0,0,0,0,559,6,36,260,1,NA,NA,119
"DEANDREHOPKINS","DeAndre Hopkins","WR","HOU",39,110,0,0,0,0,0,0,0,64,970,4,NA,NA,119
"PIERRETHOMAS","Pierre Thomas","RB","NO",31,112,0,0,0,0,0,380,2,69,469,4,NA,NA,118
"CECILSHORTS","Cecil Shorts","WR","JAC",37,112,0,0,0,0,0,0,0,63,882,5,NA,NA,118
"GREGOLSEN","Greg Olsen","TE","CAR",7,114,0,0,0,0,0,0,0,70,842,5,NA,NA,114
"RILEYCOOPER","Riley Cooper","WR","PHI",40,115,0,0,0,0,0,0,0,50,816,5,NA,NA,111
"FREDJACKSON","Fred Jackson","RB","BUF",33,116,0,0,0,0,0,563,4,36,286,1,NA,NA,110
"MATTCASSEL","Matt Cassel","QB","MIN",33,117,252,154,1702,11,8,102,1,0,0,0,NA,NA,106
"KYLERUDOLPH","Kyle Rudolph","TE","MIN",9,118,0,0,0,0,0,0,0,56,576,8,NA,NA,105
"DWAYNEBOWE","Dwayne Bowe","WR","KC",44,119,0,0,0,0,0,0,0,57,673,6,NA,NA,103
"MARTELLUSBENNETT","Martellus Bennett","TE","CHI",11,119,0,0,0,0,0,0,0,63,735,5,NA,NA,103
"JORDANREED","Jordan Reed","TE","WAS",10,121,0,0,0,0,0,0,0,61,689,6,NA,NA,102
"HAKEEMNICKS","Hakeem Nicks","WR","IND",46,122,0,0,0,0,0,0,0,47,761,4,NA,NA,100
"MIKEEVANS","Mike Evans","WR","TB",47,122,0,0,0,0,0,0,0,55,842,3,NA,NA,100
"GREGJENNINGS","Greg Jennings","WR","MIN",42,124,0,0,0,0,0,0,0,66,752,4,NA,NA,99
"TEDDYBRIDGEWATER","Teddy Bridgewater","QB","MIN",34,125,235,143,1550,10,7,61,1,0,0,0,NA,NA,98
"DANNYAMENDOLA","Danny Amendola","WR","NE",41,125,0,0,0,0,0,0,0,65,767,4,NA,NA,98
"JAMESJONES","James Jones","WR","OAK",53,125,0,0,0,0,0,0,0,57,703,5,NA,NA,98
"DARRENSPROLES","Darren Sproles","RB","PHI",34,128,0,0,0,0,0,176,1,73,598,3,NA,NA,96
"KHIRYROBINSON","Khiry Robinson","RB","NO",36,128,0,0,0,0,0,733,4,4,34,0,NA,NA,96
"JUSTINHUNTER","Justin Hunter","WR","TEN",45,128,0,0,0,0,0,0,0,43,722,4,NA,NA,96
"STEVESMITH","Steve Smith","WR","BAL",43,131,0,0,0,0,0,0,0,56,676,5,NA,NA,95
"RUEBENRANDLE","Rueben Randle","WR","NYG",48,131,0,0,0,0,0,0,0,43,675,5,NA,NA,95
"JEREMYHILL","Jeremy Hill","RB","CIN",47,133,0,0,0,0,0,509,7,7,45,0,NA,NA,92
"JARRETTBOYKIN","Jarrett Boykin","WR","GB",50,133,0,0,0,0,0,0,0,50,680,4,NA,NA,92
"CHRISIVORY","Chris Ivory","RB","NYJ",38,135,0,0,0,0,0,607,5,2,11,0,NA,NA,91
"MARKUSWHEATON","Markus Wheaton","WR","PIT",52,136,0,0,0,0,0,0,0,60,666,4,NA,NA,90
"BRANDINCOOKS","Brandin Cooks","WR","NO",51,137,0,0,0,0,0,52,0,47,566,5,NA,NA,89
"AARONDOBSON","Aaron Dobson","WR","NE",65,137,0,0,0,0,0,0,0,43,612,5,NA,NA,89
"KELVINBENJAMIN","Kelvin Benjamin","WR","CAR",67,137,0,0,0,0,0,0,0,47,691,4,NA,NA,89
"BRIANHARTLINE","Brian Hartline","WR","MIA",64,140,0,0,0,0,0,0,0,59,786,2,NA,NA,88
"MIKEWILLIAMS","Mike Williams","WR","BUF",69,140,0,0,0,0,0,0,0,51,704,3,NA,NA,88
"ZACHERTZ","Zach Ertz","TE","PHI",13,140,0,0,0,0,0,0,0,50,646,4,NA,NA,88
"TERRANCEWEST","Terrance West","RB","CLE",48,143,0,0,0,0,0,517,5,10,80,0,NA,NA,87
"JERRICHOCOTCHERY","Jerricho Cotchery","WR","CAR",66,143,0,0,0,0,0,0,0,59,699,3,NA,NA,87
"DELANIEWALKER","Delanie Walker","TE","TEN",12,143,0,0,0,0,0,0,0,55,598,5,NA,NA,87
"ROYHELU","Roy Helu","RB","WAS",55,146,0,0,0,0,0,216,2,52,395,3,NA,NA,86
"MALCOMFLOYD","Malcom Floyd","WR","SD",77,146,0,0,0,0,0,0,0,39,628,4,NA,NA,86
"CHARLESCLAY","Charles Clay","TE","MIA",14,146,0,0,0,0,0,0,0,62,684,5,NA,NA,86
"BRANDONLAFELL","Brandon LaFell","WR","NE",56,149,0,0,0,0,0,12,0,42,609,4,NA,NA,85
"DENARIUSMOORE","Denarius Moore","WR","OAK",60,149,0,0,0,0,0,0,0,43,671,3,NA,NA,85
"TAVONAUSTIN","Tavon Austin","WR","STL",49,151,0,0,0,0,0,121,1,46,524,3,NA,NA,84
"ANDREWHAWKINS","Andrew Hawkins","WR","CLE",55,151,0,0,0,0,0,25,0,62,645,3,NA,NA,84
"ANTONIOGATES","Antonio Gates","TE","SD",15,151,0,0,0,0,0,0,0,54,604,4,NA,NA,84
"SHONNGREENE","Shonn Greene","RB","TEN",41,154,0,0,0,0,0,519,5,6,41,0,NA,NA,83
"DOUGBALDWIN","Doug Baldwin","WR","SEA",57,154,0,0,0,0,0,14,0,52,646,3,NA,NA,83
"LAMARMILLER","Lamar Miller","RB","MIA",37,156,0,0,0,0,0,470,3,21,191,0,NA,NA,82
"KENNYSTILLS","Kenny Stills","WR","NO",59,156,0,0,0,0,0,24,0,34,563,4,NA,NA,82
"MARQISELEE","Marqise Lee","WR","JAC",62,156,0,0,0,0,0,17,0,43,597,4,NA,NA,82
"DONNIEAVERY","Donnie Avery","WR","KC",82,156,0,0,0,0,0,12,0,43,632,3,NA,NA,82
"LADARIUSGREEN","Ladarius Green","TE","SD",16,156,0,0,0,0,0,0,0,38,584,4,NA,NA,82
"BERNARDPIERCE","Bernard Pierce","RB","BAL",43,161,0,0,0,0,0,526,3,22,110,0,NA,NA,81
"STEVEJOHNSON","Steve Johnson","WR","SF",54,161,0,0,0,0,0,0,0,48,590,4,NA,NA,81
"ODELLBECKHAM","Odell Beckham","WR","NYG",63,161,0,0,0,0,0,15,0,37,586,4,NA,NA,81
"ANDREROBERTS","Andre Roberts","WR","WAS",70,164,0,0,0,0,0,17,0,40,545,4,NA,NA,79
"DARRENMCFADDEN","Darren McFadden","RB","OAK",42,165,0,0,0,0,0,443,4,17,123,0,NA,NA,78
"DEXTERMCCLUSTER","Dexter McCluster","RB","TEN",66,165,0,0,0,0,0,177,1,53,476,2,NA,NA,78
"DEXTERMCCLUSTER","Dexter McCluster","WR","TEN",58,165,0,0,0,0,0,177,1,53,476,2,NA,NA,78
"RODSTREATER","Rod Streater","WR","OAK",61,165,0,0,0,0,0,17,0,44,617,3,NA,NA,78
"MARKINGRAM","Mark Ingram","RB","NO",44,169,0,0,0,0,0,531,3,12,77,0,NA,NA,76
"MARVINJONES","Marvin Jones","WR","CIN",81,169,0,0,0,0,0,48,0,41,483,4,NA,NA,76
"HARRYDOUGLAS","Harry Douglas","WR","ATL",76,171,0,0,0,0,0,0,0,56,657,2,NA,NA,75
"HEATHMILLER","Heath Miller","TE","PIT",19,171,0,0,0,0,0,0,0,61,632,2,NA,NA,75
"TREMASON","Tre Mason","RB","STL",51,173,0,0,0,0,0,435,3,19,155,0,NA,NA,74
"KENNYBRITT","Kenny Britt","WR","STL",71,173,0,0,0,0,0,0,0,37,525,4,NA,NA,74
"CHRISGIVENS","Chris Givens","WR","STL",91,173,0,0,0,0,0,31,0,41,671,1,NA,NA,74
"CARLOSHYDE","Carlos Hyde","RB","SF",50,176,0,0,0,0,0,495,3,16,108,0,NA,NA,73
"JORDANTODMAN","Jordan Todman","RB","JAC",60,176,0,0,0,0,0,330,2,29,224,1,NA,NA,73
"MIKETOLBERT","Mike Tolbert","RB","CAR",71,176,0,0,0,0,0,273,4,29,167,1,NA,NA,73
"JEROMESIMPSON","Jerome Simpson","WR","MIN",72,176,0,0,0,0,0,0,0,46,572,3,NA,NA,73
"ROBERTWOODS","Robert Woods","WR","BUF",73,176,0,0,0,0,0,11,0,40,545,3,NA,NA,73
"COBYFLEENER","Coby Fleener","TE","IND",17,176,0,0,0,0,0,0,0,37,433,5,NA,NA,73
"NATEWASHINGTON","Nate Washington","WR","TEN",80,182,0,0,0,0,0,0,0,39,600,2,NA,NA,72
"JEREMYKERLEY","Jeremy Kerley","WR","NYJ",85,182,0,0,0,0,0,19,0,51,616,2,NA,NA,72
"DONALDBROWN","Donald Brown","RB","SD",46,184,0,0,0,0,0,375,2,22,169,1,NA,NA,71
"KENBRELLTHOMPKINS","Kenbrell Thompkins","WR","NE",78,184,0,0,0,0,0,0,0,39,538,3,NA,NA,71
"ERICEBRON","Eric Ebron","TE","DET",18,184,0,0,0,0,0,0,0,33,476,4,NA,NA,71
"JAREDCOOK","Jared Cook","TE","STL",25,184,0,0,0,0,0,0,0,47,537,3,NA,NA,71
"CJANDERSON","C.J. Anderson","RB","DEN",54,188,0,0,0,0,0,511,2,20,115,0,NA,NA,70
"LANCEMOORE","Lance Moore","WR","PIT",79,188,0,0,0,0,0,0,0,50,602,2,NA,NA,70
"TYLEREIFERT","Tyler Eifert","TE","CIN",21,190,0,0,0,0,0,0,0,45,505,3,NA,NA,68
"JORDANMATTHEWS","Jordan Matthews","WR","PHI",74,191,0,0,0,0,0,0,0,36,513,3,NA,NA,67
"JERMAINEKEARSE","Jermaine Kearse","WR","SEA",83,191,0,0,0,0,0,0,0,33,492,3,NA,NA,67
"MOHAMEDSANU","Mohamed Sanu","WR","CIN",99,193,0,0,0,0,0,29,0,48,540,2,NA,NA,66
"JAMESSTARKS","James Starks","RB","GB",52,194,0,0,0,0,0,402,3,9,70,0,NA,NA,65
"KNILEDAVIS","Knile Davis","RB","KC",53,194,0,0,0,0,0,362,4,12,71,0,NA,NA,65
"TEDGINN","Ted Ginn","WR","ARI",87,194,0,0,0,0,0,28,0,29,452,3,NA,NA,65
"MARCELREECE","Marcel Reece","RB","OAK",69,197,0,0,0,0,0,216,1,42,398,0,NA,NA,64
"AUSTINSEFERIANJENKINS","Austin Seferian-Jenkins","TE","TB",23,197,0,0,0,0,0,0,0,29,345,5,NA,NA,64
"CHRISTINEMICHAEL","Christine Michael","RB","SEA",45,199,0,0,0,0,0,456,2,9,74,0,NA,NA,62
"LEGARRETTEBLOUNT","LeGarrette Blount","RB","PIT",49,199,0,0,0,0,0,391,4,2,11,0,NA,NA,62
"EDDIEROYAL","Eddie Royal","WR","SD",86,199,0,0,0,0,0,13,0,42,431,3,NA,NA,62
"NATEBURLESON","Nate Burleson","WR","CLE",88,199,0,0,0,0,0,10,0,35,390,4,NA,NA,62
"RYANGRIFFIN","Ryan Griffin","TE","HOU",26,199,0,0,0,0,0,0,0,39,440,3,NA,NA,62
"BRIANHOYER","Brian Hoyer","QB","CLE",35,204,159,98,1148,8,8,49,0,0,0,0,NA,NA,61
"LATAVIUSMURRAY","Latavius Murray","RB","OAK",61,205,0,0,0,0,0,403,1,13,106,1,NA,NA,60
"MARLONBROWN","Marlon Brown","WR","BAL",84,205,0,0,0,0,0,0,0,33,363,4,NA,NA,60
"ANDREWILLIAMS","Andre Williams","RB","NYG",56,207,0,0,0,0,0,415,3,7,45,0,NA,NA,59
"JARVISLANDRY","Jarvis Landry","WR","MIA",90,207,0,0,0,0,0,0,0,36,476,2,NA,NA,59
"MYCHALRIVERA","Mychal Rivera","TE","OAK",29,207,0,0,0,0,0,0,0,37,414,3,NA,NA,59
"ANDREHOLMES","Andre Holmes","WR","OAK",75,210,0,0,0,0,0,0,0,35,463,2,NA,NA,58
"JONATHANSTEWART","Jonathan Stewart","RB","CAR",57,211,0,0,0,0,0,302,1,20,154,1,NA,NA,57
"JOSHGORDON","Josh Gordon","WR","CLE",68,211,0,0,0,0,0,11,0,22,383,3,NA,NA,57
"DWAYNEALLEN","Dwayne Allen","TE","IND",20,211,0,0,0,0,0,0,0,35,411,3,NA,NA,57
"KADEEMCAREY","Ka'Deem Carey","RB","CHI",62,214,0,0,0,0,0,265,2,18,149,1,NA,NA,56
"JERRELJERNIGAN","Jerrel Jernigan","WR","NYG",89,214,0,0,0,0,0,26,0,31,386,3,NA,NA,56
"JACEAMARO","Jace Amaro","TE","NYJ",24,216,0,0,0,0,0,0,0,31,376,3,NA,NA,55
"SCOTTCHANDLER","Scott Chandler","TE","BUF",32,216,0,0,0,0,0,0,0,42,439,2,NA,NA,55
"DEVONTAFREEMAN","Devonta Freeman","RB","ATL",58,218,0,0,0,0,0,276,2,23,176,0,NA,NA,54
"COLEBEASLEY","Cole Beasley","WR","DAL",94,218,0,0,0,0,0,0,0,46,423,2,NA,NA,54
"OWENDANIELS","Owen Daniels","TE","BAL",22,220,0,0,0,0,0,0,0,33,341,3,NA,NA,52
"GARRETTGRAHAM","Garrett Graham","TE","HOU",27,221,0,0,0,0,0,0,0,31,338,3,NA,NA,51
"AHMADBRADSHAW","Ahmad Bradshaw","RB","IND",59,222,0,0,0,0,0,250,3,13,79,0,NA,NA,50
"ANDREWQUARLESS","Andrew Quarless","TE","GB",28,222,0,0,0,0,0,0,0,38,387,2,NA,NA,50
"JERMAINEGRESHAM","Jermaine Gresham","TE","CIN",30,222,0,0,0,0,0,0,0,32,324,3,NA,NA,50
"ALLENROBINSON","Allen Robinson","WR","JAC",97,225,0,0,0,0,0,0,0,29,371,2,NA,NA,49
"BLAKEBORTLES","Blake Bortles","QB","JAC",38,226,142,79,884,6,8,59,1,0,0,0,NA,NA,48
"JONATHANDWYER","Jonathan Dwyer","RB","ARI",68,226,0,0,0,0,0,334,2,8,59,0,NA,NA,48
"MARTAVISBRYANT","Martavis Bryant","WR","PIT",98,226,0,0,0,0,0,0,0,27,380,2,NA,NA,48
"MARCEDESLEWIS","Marcedes Lewis","TE","JAC",37,226,0,0,0,0,0,0,0,36,368,2,NA,NA,48
"TRAVISKELCE","Travis Kelce","TE","KC",38,226,0,0,0,0,0,0,0,30,365,2,NA,NA,48
"LANCEDUNBAR","Lance Dunbar","RB","DAL",67,231,0,0,0,0,0,218,2,15,88,1,NA,NA,47
"BRENTCELEK","Brent Celek","TE","PHI",39,231,0,0,0,0,0,0,0,30,355,2,NA,NA,47
"BRYCEBROWN","Bryce Brown","RB","BUF",65,233,0,0,0,0,0,328,2,7,43,0,NA,NA,46
"JACQUIZZRODGERS","Jacquizz Rodgers","RB","ATL",76,233,0,0,0,0,0,145,0,38,287,1,NA,NA,46
"JASONAVANT","Jason Avant","WR","CAR",95,233,0,0,0,0,0,0,0,35,361,2,NA,NA,46
"RONNIEHILLMAN","Ronnie Hillman","RB","DEN",81,236,0,0,0,0,0,277,0,27,204,0,NA,NA,45
"BRANDONBOSTICK","Brandon Bostick","TE","GB",34,236,0,0,0,0,0,0,0,26,334,2,NA,NA,45
"ZACHMILLER","Zach Miller","TE","SEA",35,236,0,0,0,0,0,0,0,34,390,1,NA,NA,45
"BRANDONBOLDEN","Brandon Bolden","RB","NE",72,239,0,0,0,0,0,250,2,15,76,0,NA,NA,44
"BENNYCUNNINGHAM","Benny Cunningham","RB","STL",78,239,0,0,0,0,0,276,2,6,50,0,NA,NA,44
"DAVANTEADAMS","Davante Adams","WR","GB",92,241,0,0,0,0,0,0,0,26,334,2,NA,NA,43
"GREGLITTLE","Greg Little","WR","OAK",93,241,0,0,0,0,0,0,0,26,330,2,NA,NA,43
"JERMICHAELFINLEY","Jermichael Finley","TE","GB",31,241,0,0,0,0,0,0,0,28,313,2,NA,NA,43
"BRANDONPETTIGREW","Brandon Pettigrew","TE","DET",33,241,0,0,0,0,0,0,0,24,257,3,NA,NA,43
"BILALPOWELL","Bilal Powell","RB","NYJ",88,245,0,0,0,0,0,232,1,20,131,0,NA,NA,42
"MILESAUSTIN","Miles Austin","WR","CLE",96,245,0,0,0,0,0,0,0,22,321,2,NA,NA,42
"JOHNCARLSON","John Carlson","TE","ARI",40,245,0,0,0,0,0,0,0,27,300,2,NA,NA,42
"AJJENKINS","A.J. Jenkins","WR","KC",109,248,0,0,0,0,0,6,0,24,376,1,NA,NA,41
"CJFIEDOROWICZ","C.J. Fiedorowicz","TE","HOU",36,248,0,0,0,0,0,0,0,20,234,3,NA,NA,41
"JONATHANGRIMES","Jonathan Grimes","RB","HOU",73,250,0,0,0,0,0,296,1,9,59,0,NA,NA,40
"STEPFANTAYLOR","Stepfan Taylor","RB","ARI",75,250,0,0,0,0,0,211,2,11,70,0,NA,NA,40
"ACESANDERS","Ace Sanders","WR","JAC",101,250,0,0,0,0,0,16,0,36,338,1,NA,NA,40
"JAMESWHITE","James White","RB","NE",80,253,0,0,0,0,0,198,1,13,101,1,NA,NA,39
"BENJARVUSGREENELLIS","BenJarvus Green-Ellis","RB","CIN",63,254,0,0,0,0,0,250,2,2,14,0,NA,NA,38
"SHAUNHILL","Shaun Hill","QB","STL",39,255,79,50,576,5,4,34,0,0,0,0,NA,NA,36
"BOBBYRAINEY","Bobby Rainey","RB","TB",74,255,0,0,0,0,0,317,0,9,58,0,NA,NA,36
"MIKEGLENNON","Mike Glennon","QB","TB",36,257,78,49,546,6,6,41,0,0,0,0,NA,NA,35
"KIRKCOUSINS","Kirk Cousins","QB","WAS",37,257,87,51,566,5,3,17,0,0,0,0,NA,NA,35
"JERICKMCKINNON","Jerick McKinnon","RB","MIN",77,259,0,0,0,0,0,108,1,19,123,1,NA,NA,34
"CHRISPOLK","Chris Polk","RB","PHI",64,260,0,0,0,0,0,208,1,11,70,0,NA,NA,33
"DEANTHONYTHOMAS","De'Anthony Thomas","RB","KC",94,261,0,0,0,0,0,43,0,32,244,1,NA,NA,32
"VINCENTBROWN","Vincent Brown","WR","SD",100,261,0,0,0,0,0,0,0,22,262,1,NA,NA,32
"ANDREBROWN","Andre Brown","RB","HOU",82,263,0,0,0,0,0,163,2,11,59,0,NA,NA,31
"JOSEPHRANDLE","Joseph Randle","RB","DAL",85,263,0,0,0,0,0,185,1,13,72,0,NA,NA,31
"MATTASIATA","Matt Asiata","RB","MIN",87,265,0,0,0,0,0,190,2,3,16,0,NA,NA,30
"RONNIEBROWN","Ronnie Brown","RB","SD",86,266,0,0,0,0,0,116,0,18,128,1,NA,NA,29
"DANIELTHOMAS","Daniel Thomas","RB","MIA",79,267,0,0,0,0,0,187,1,9,62,0,NA,NA,28
"PEYTONHILLIS","Peyton Hillis","RB","NYG",96,267,0,0,0,0,0,160,1,8,61,0,NA,NA,28
"ISAIAHCROWELL","Isaiah Crowell","RB","CLE",83,269,0,0,0,0,0,149,1,11,68,0,NA,NA,26
"ROBERTTURBIN","Robert Turbin","RB","SEA",70,270,0,0,0,0,0,131,1,7,45,0,NA,NA,23
"MIKEJAMES","Mike James","RB","TB",90,270,0,0,0,0,0,197,1,2,9,0,NA,NA,23
"THEORIDDICK","Theo Riddick","RB","DET",95,272,0,0,0,0,0,108,1,10,65,0,NA,NA,22
"LACHESEASTRUNK","Lache Seastrunk","RB","WAS",99,272,0,0,0,0,0,151,1,2,17,0,NA,NA,22
"LORENZOTALIAFERRO","Lorenzo Taliaferro","RB","BAL",93,274,0,0,0,0,0,123,1,6,37,0,NA,NA,21
"DENARDROBINSON","Denard Robinson","RB","JAC",84,275,0,0,0,0,0,155,1,3,18,0,NA,NA,20
"SHAUNDRAUGHN","Shaun Draughn","RB","CHI",89,276,0,0,0,0,0,112,0,12,78,0,NA,NA,18
"MARCUSLATTIMORE","Marcus Lattimore","RB","SF",98,276,0,0,0,0,0,103,1,4,26,0,NA,NA,18
"EDWINBAKER","Edwin Baker","RB","CLE",100,278,0,0,0,0,0,75,1,6,46,0,NA,NA,17
"KENJONBARNER","Kenjon Barner","RB","CAR",101,278,0,0,0,0,0,108,0,11,71,0,NA,NA,17
"STORMJOHNSON","Storm Johnson","RB","JAC",92,280,0,0,0,0,0,120,0,5,36,0,NA,NA,15
"TRAVARISCADET","Travaris Cadet","RB","NO",91,281,0,0,0,0,0,79,0,12,79,0,NA,NA,14
"CHARLESSIMS","Charles Sims","RB","TB",117,282,0,0,0,0,0,25,0,6,44,1,NA,NA,12
"RYANWILLIAMS","Ryan Williams","RB","DAL",97,283,0,0,0,0,0,64,0,5,36,0,NA,NA,9
"MARKSANCHEZ","Mark Sanchez","QB","PHI",40,284,26,14,153,2,3,6,0,0,0,0,NA,NA,6
"DANHERRON","Dan Herron","RB","IND",102,285,0,0,0,0,0,0,0,0,0,0,NA,NA,0
"JUSTINFORSETT","Justin Forsett","RB","BAL",103,285,0,0,0,0,0,0,0,0,0,0,NA,NA,0
"DIONLEWIS","Dion Lewis","RB","CLE",104,285,0,0,0,0,0,0,0,0,0,0,NA,NA,0
"DUJUANHARRIS","DuJuan Harris","RB","GB",105,285,0,0,0,0,0,0,0,0,0,0,NA,NA,0
"MIKEGILLISLEE","Mike Gillislee","RB","MIA",106,285,0,0,0,0,0,0,0,0,0,0,NA,NA,0
"CIERREWOOD","Cierre Wood","RB","BAL",107,285,0,0,0,0,0,0,0,0,0,0,NA,NA,0
"DRIARCHER","Dri Archer","RB","PIT",108,285,0,0,0,0,0,0,0,0,0,0,NA,NA,0
"CHRISTHOMPSON","Chris Thompson","RB","WAS",109,285,0,0,0,0,0,0,0,0,0,0,NA,NA,0
"DARYLRICHARDSON","Daryl Richardson","RB","NYJ",110,285,0,0,0,0,0,0,0,0,0,0,NA,NA,0
"MIKELLESHOURE","Mikel Leshoure","RB","DET",111,285,0,0,0,0,0,0,0,0,0,0,NA,NA,0
"LAMICHAELJAMES","LaMichael James","RB","SF",112,285,0,0,0,0,0,0,0,0,0,0,NA,NA,0
"ISAIAHPEAD","Isaiah Pead","RB","STL",113,285,0,0,0,0,0,0,0,0,0,0,NA,NA,0
"MICHAELCOX","Michael Cox","RB","NYG",114,285,0,0,0,0,0,0,0,0,0,0,NA,NA,0
"CHRISOGBONNAYA","Chris Ogbonnaya","RB","CLE",115,285,0,0,0,0,0,0,0,0,0,0,NA,NA,0
"ANTONESMITH","Antone Smith","RB","ATL",116,285,0,0,0,0,0,0,0,0,0,0,NA,NA,0
"MARIONGRICE","Marion Grice","RB","SD",118,285,0,0,0,0,0,0,0,0,0,0,NA,NA,0
"DENNISJOHNSON","Dennis Johnson","RB","HOU",119,285,0,0,0,0,0,0,0,0,0,0,NA,NA,0
"DAVIDWILSON","David Wilson","RB","NYG",120,285,0,0,0,0,0,0,0,0,0,0,NA,NA,0
"CODYLATIMER","Cody Latimer","WR","DEN",102,285,0,0,0,0,0,0,0,0,0,0,NA,NA,0
"JOHNBROWN","John Brown","WR","ARI",103,285,0,0,0,0,0,0,0,0,0,0,NA,NA,0
"JACOBYJONES","Jacoby Jones","WR","BAL",104,285,0,0,0,0,0,0,0,0,0,0,NA,NA,0
"JOSHBOYCE","Josh Boyce","WR","NE",105,285,0,0,0,0,0,0,0,0,0,0,NA,NA,0
"DAVIDNELSON","David Nelson","WR","NYJ",106,285,0,0,0,0,0,0,0,0,0,0,NA,NA,0
"KRISDURHAM","Kris Durham","WR","DET",107,285,0,0,0,0,0,0,0,0,0,0,NA,NA,0
"RYANBROYLES","Ryan Broyles","WR","DET",108,285,0,0,0,0,0,0,0,0,0,0,NA,NA,0
"JOSHMORGAN","Josh Morgan","WR","CHI",110,285,0,0,0,0,0,0,0,0,0,0,NA,NA,0
"CHRISOWUSU","Chris Owusu","WR","TB",111,285,0,0,0,0,0,0,0,0,0,0,NA,NA,0
"STEPHENHILL","Stephen Hill","WR","NYJ",112,285,0,0,0,0,0,0,0,0,0,0,NA,NA,0
"DEVIERPOSEY","DeVier Posey","WR","HOU",113,285,0,0,0,0,0,0,0,0,0,0,NA,NA,0
"MARQUISEGOODWIN","Marquise Goodwin","WR","BUF",114,285,0,0,0,0,0,0,0,0,0,0,NA,NA,0
"DWAYNEHARRIS","Dwayne Harris","WR","DAL",115,285,0,0,0,0,0,0,0,0,0,0,NA,NA,0
"AUSTINPETTIS","Austin Pettis","WR","STL",116,285,0,0,0,0,0,0,0,0,0,0,NA,NA,0
"ANDRECALDWELL","Andre Caldwell","WR","DEN",117,285,0,0,0,0,0,0,0,0,0,0,NA,NA,0
"TRAVISBENJAMIN","Travis Benjamin","WR","CLE",118,285,0,0,0,0,0,0,0,0,0,0,NA,NA,0
"ROBERTMEACHEM","Robert Meachem","WR","NO",119,285,0,0,0,0,0,0,0,0,0,0,NA,NA,0
"MIKEBROWN","Mike Brown","WR","JAC",120,285,0,0,0,0,0,0,0,0,0,0,NA,NA,0
