"name","name_fs","pos","team_fs","positionRank_fs","overallRank_fs","passAtt_fs","passComp_fs","passYds_fs","passTds_fs","passInt_fs","rushYds_fs","rushTds_fs","rec_fs","recYds_fs","recTds_fs","twoPts_fs","fumbles_fs","pts_fs"
"PEYTONMANNING","Peyton Manning","QB","DEN",1,1,NA,399,4898,45,12,0,1,0,0,0,NA,5,359
"DREWBREES","Drew Brees","QB","NOS",2,2,NA,398,4848,37,14,40,2,0,0,0,NA,1,341
"ANDREWLUCK","Andrew Luck","QB","IND",3,3,NA,365,4375,27,17,350,5,0,0,0,NA,3,325
"AARONRODGERS","Aaron Rodgers","QB","GBP",4,4,NA,343,4226,34,11,217,2,0,0,0,NA,4,319
"MATTHEWSTAFFORD","Matthew Stafford","QB","DET",5,5,NA,399,4784,32,20,96,3,0,0,0,NA,4,318
"CAMNEWTON","Cam Newton","QB","CAR",6,6,NA,269,3399,22,15,684,7,0,0,0,NA,2,314
"NICKFOLES","Nick Foles","QB","PHI",7,7,NA,295,3750,32,10,313,4,0,0,0,NA,5,313
"COLINKAEPERNICK","Colin Kaepernick","QB","SFO",8,8,NA,259,3485,24,9,550,6,0,0,0,NA,4,309
"TOMBRADY","Tom Brady","QB","NEP",9,9,NA,372,4425,30,10,25,2,0,0,0,NA,2,297
"RUSSELLWILSON","Russell Wilson","QB","SEA",10,10,NA,262,3417,28,7,482,2,0,0,0,NA,4,293
"ROBERTGRIFFIN","Robert Griffin III","QB","WAS",11,11,NA,299,3499,22,12,630,3,0,0,0,NA,5,286
"JAYCUTLER","Jay Cutler","QB","CHI",12,12,NA,360,4251,29,14,208,0,0,0,0,NA,4,284
"MATTRYAN","Matt Ryan","QB","ATL",13,13,NA,411,4539,29,16,72,0,0,0,0,NA,4,280
"TONYROMO","Tony Romo","QB","DAL",14,14,NA,370,4151,31,19,45,1,0,0,0,NA,1,279
"BENROETHLISBERGER","Ben Roethlisberger","QB","PIT",15,15,NA,354,3996,30,13,110,1,0,0,0,NA,4,275
"ANDYDALTON","Andy Dalton","QB","CIN",16,16,NA,326,3749,27,20,172,4,0,0,0,NA,4,270
"JAMAALCHARLES","Jamaal Charles","RB","KCC",1,16,NA,0,0,0,0,1350,10,51,436,6,NA,2,270
"LESEANMCCOY","LeSean McCoy","RB","PHI",2,18,NA,0,0,0,0,1433,9,61,527,4,NA,2,269
"ALEXSMITH","Alex Smith","QB","KCC",17,19,NA,295,3231,26,9,468,1,0,0,0,NA,4,268
"PHILIPRIVERS","Philip Rivers","QB","SDC",18,20,NA,326,3815,30,12,60,0,0,0,0,NA,4,258
"SAMBRADFORD","Sam Bradford","QB","STL",19,21,NA,337,3750,27,13,92,1,0,0,0,NA,2,256
"CARSONPALMER","Carson Palmer","QB","ARI",20,22,NA,360,4253,25,20,5,0,0,0,0,NA,3,244
"ADRIANPETERSON","Adrian Peterson","RB","MIN",3,22,NA,0,0,0,0,1620,11,33,180,1,NA,4,244
"EDDIELACY","Eddie Lacy","RB","GBP",4,24,NA,0,0,0,0,1351,13,43,316,0,NA,1,242
"RYANTANNEHILL","Ryan Tannehill","QB","MIA",21,25,NA,332,3706,20,16,244,2,0,0,0,NA,4,240
"JOEFLACCO","Joe Flacco","QB","BAL",22,26,NA,320,3700,21,15,101,2,0,0,0,NA,3,233
"DEMARYIUSTHOMAS","Demaryius Thomas","WR","DEN",1,26,NA,0,0,0,0,0,0,95,1450,15,NA,1,233
"MATTFORTE","Matt Forte","RB","CHI",5,28,NA,0,0,0,0,1269,7,61,477,3,NA,1,231
"JOHNNYMANZIEL","Johnny Manziel","QB","CLE",23,29,NA,275,3375,20,19,225,3,0,0,0,NA,3,230
"MATTSCHAUB","Matt Schaub","QB","OAK",23,29,NA,294,3434,19,19,303,2,0,0,0,NA,3,230
"CALVINJOHNSON","Calvin Johnson","WR","DET",2,29,NA,0,0,0,0,0,0,94,1625,12,NA,2,230
"MARSHAWNLYNCH","Marshawn Lynch","RB","SEA",6,32,NA,0,0,0,0,1250,13,24,204,1,NA,2,225
"MONTEEBALL","Montee Ball","RB","DEN",7,33,NA,0,0,0,0,1200,9,50,387,2,NA,1,222
"EJMANUEL","E.J. Manuel","QB","BUF",25,34,NA,288,3233,18,14,252,3,0,0,0,NA,5,220
"JIMMYGRAHAM","Jimmy Graham","TE","NOS",1,34,NA,0,0,0,0,0,0,84,1300,15,NA,0,220
"DEZBRYANT","Dez Bryant","WR","DAL",3,34,NA,0,0,0,0,0,0,97,1325,15,NA,1,220
"ANDREELLINGTON","Andre Ellington","RB","ARI",8,37,NA,0,0,0,0,1100,7,45,430,3,NA,1,211
"DEMARCOMURRAY","DeMarco Murray","RB","DAL",8,37,NA,0,0,0,0,1162,8,56,394,2,NA,2,211
"ELIMANNING","Eli Manning","QB","NYG",26,39,NA,302,3525,22,17,23,0,0,0,0,NA,2,210
"JULIOJONES","Julio Jones","WR","ATL",4,40,NA,0,0,0,0,12,0,105,1375,12,NA,1,208
"BRANDONMARSHALL","Brandon Marshall","WR","CHI",5,41,NA,0,0,0,0,0,0,102,1400,11,NA,0,206
"AJGREEN","A.J. Green","WR","CIN",6,42,NA,0,0,0,0,12,0,93,1335,12,NA,1,204
"DOUGMARTIN","Doug Martin","RB","TBB",10,43,NA,0,0,0,0,1150,8,40,314,2,NA,2,202
"TOBYGERHART","Toby Gerhart","RB","JAC",11,44,NA,0,0,0,0,1225,7,38,281,2,NA,2,200
"GENOSMITH","Geno Smith","QB","NYJ",27,45,NA,245,2966,11,19,305,6,0,0,0,NA,5,199
"ROBGRONKOWSKI","Rob Gronkowski","TE","NEP",2,46,NA,0,0,0,0,1,0,80,1250,12,NA,0,197
"RYANFITZPATRICK","Ryan Fitzpatrick","QB","HOU",28,47,NA,303,3463,15,19,135,2,0,0,0,NA,4,196
"FRANKGORE","Frank Gore","RB","SFO",12,47,NA,0,0,0,0,1162,10,19,180,1,NA,2,196
"JOSHMCCOWN","Josh McCown","QB","TBB",29,49,NA,280,3198,20,13,74,0,0,0,0,NA,5,191
"BISHOPSANKEY","Bishop Sankey","RB","TEN",13,50,NA,0,0,0,0,1055,6,39,286,4,NA,2,189
"LEVEONBELL","Le'Veon Bell","RB","PIT",14,51,NA,0,0,0,0,1008,8,45,405,0,NA,2,184
"ZACSTACY","Zac Stacy","RB","STL",14,51,NA,0,0,0,0,1190,7,37,210,1,NA,2,184
"JORDYNELSON","Jordy Nelson","WR","GBP",7,53,NA,0,0,0,0,7,0,93,1351,8,NA,0,183
"CJSPILLER","C.J. Spiller","RB","BUF",16,54,NA,0,0,0,0,1012,6,40,354,2,NA,1,182
"ANTONIOBROWN","Antonio Brown","WR","PIT",8,55,NA,0,0,0,0,8,0,100,1342,8,NA,1,180
"ALSHONJEFFERY","Alshon Jeffery","WR","CHI",8,55,NA,0,0,0,0,59,0,78,1295,8,NA,1,180
"ANDREJOHNSON","Andre Johnson","WR","HOU",10,57,NA,0,0,0,0,0,0,90,1300,8,NA,0,178
"CHRISJOHNSON","Chris Johnson","RB","NYJ",17,58,NA,0,0,0,0,984,5,37,276,4,NA,1,177
"VICTORCRUZ","Victor Cruz","WR","NYG",11,58,NA,0,0,0,0,14,1,85,1225,8,NA,0,177
"VINCENTJACKSON","Vincent Jackson","WR","TBB",11,58,NA,0,0,0,0,0,0,75,1299,8,NA,0,177
"ARIANFOSTER","Arian Foster","RB","HOU",18,61,NA,0,0,0,0,1050,6,42,276,2,NA,2,176
"CORDARRELLEPATTERSON","Cordarrelle Patterson","WR","MIN",13,61,NA,0,0,0,0,61,2,82,1165,7,NA,0,176
"JAKELOCKER","Jake Locker","QB","TEN",30,63,NA,221,2513,13,18,318,3,0,0,0,NA,4,175
"BENTATE","Ben Tate","RB","CLE",19,64,NA,0,0,0,0,1075,4,43,291,3,NA,2,174
"REGGIEBUSH","Reggie Bush","RB","DET",20,65,NA,0,0,0,0,780,5,58,513,4,NA,5,173
"ALFREDMORRIS","Alfred Morris","RB","WAS",21,66,NA,0,0,0,0,1250,8,10,78,0,NA,4,172
"TRENTRICHARDSON","Trent Richardson","RB","IND",22,67,NA,0,0,0,0,751,7,41,342,3,NA,0,169
"JULIUSTHOMAS","Julius Thomas","TE","DEN",3,67,NA,0,0,0,0,0,0,75,875,14,NA,1,169
"TORREYSMITH","Torrey Smith","WR","BAL",14,69,NA,0,0,0,0,0,0,75,1200,8,NA,0,168
"FREDJACKSON","Fred Jackson","RB","BUF",23,70,NA,0,0,0,0,891,7,42,329,1,NA,1,167
"ERICDECKER","Eric Decker","WR","NYJ",15,71,NA,0,0,0,0,2,0,82,1140,9,NA,1,166
"RANDALLCOBB","Randall Cobb","WR","GBP",16,72,NA,0,0,0,0,39,0,79,1097,9,NA,1,164
"JEREMYMACLIN","Jeremy Maclin","WR","PHI",16,72,NA,0,0,0,0,0,0,75,1064,10,NA,1,164
"GIOVANIBERNARD","Giovani Bernard","RB","CIN",24,74,NA,0,0,0,0,751,5,52,503,2,NA,2,163
"RYANMATHEWS","Ryan Mathews","RB","SDC",25,75,NA,0,0,0,0,1080,5,34,220,1,NA,2,162
"MICHAELCRABTREE","Michael Crabtree","WR","SFO",18,76,NA,0,0,0,0,6,0,78,1150,8,NA,1,161
"RODDYWHITE","Roddy White","WR","ATL",18,76,NA,0,0,0,0,0,0,78,1116,9,NA,2,161
"KEENANALLEN","Keenan Allen","WR","SDC",20,78,NA,0,0,0,0,1,0,75,1161,8,NA,2,160
"WESWELKER","Wes Welker","WR","DEN",20,78,NA,0,0,0,0,0,0,90,1003,10,NA,0,160
"RASHADJENNINGS","Rashad Jennings","RB","NYG",26,80,NA,0,0,0,0,825,8,39,267,1,NA,2,158
"LARRYFITZGERALD","Larry Fitzgerald","WR","ARI",22,81,NA,0,0,0,0,5,0,76,1050,9,NA,1,157
"PIERREGARCON","Pierre Garcon","WR","WAS",22,81,NA,0,0,0,0,17,0,99,1225,6,NA,1,157
"CHADHENNE","Chad Henne","QB","JAC",31,83,NA,239,2601,13,13,75,1,0,0,0,NA,1,154
"VERNONDAVIS","Vernon Davis","TE","SFO",4,84,NA,0,0,0,0,0,0,55,825,12,NA,1,152
"DESEANJACKSON","DeSean Jackson","WR","WAS",24,84,NA,0,0,0,0,11,0,72,1075,8,NA,2,152
"JOIQUEBELL","Joique Bell","RB","DET",27,86,NA,0,0,0,0,623,7,55,530,0,NA,3,151
"DEANGELOWILLIAMS","DeAngelo Williams","RB","CAR",28,87,NA,0,0,0,0,781,4,24,347,3,NA,2,150
"SAMMYWATKINS","Sammy Watkins","WR","BUF",25,88,NA,0,0,0,0,15,0,75,1085,7,NA,1,149
"LAMARMILLER","Lamar Miller","RB","MIA",29,89,NA,0,0,0,0,850,5,35,230,2,NA,1,148
"PIERRETHOMAS","Pierre Thomas","RB","NOS",29,89,NA,0,0,0,0,602,4,71,484,3,NA,1,148
"REGGIEWAYNE","Reggie Wayne","WR","IND",26,91,NA,0,0,0,0,0,0,82,1120,6,NA,1,146
"RAYRICE","Ray Rice","RB","BAL",31,92,NA,0,0,0,0,795,6,50,330,0,NA,2,144
"JORDANREED","Jordan Reed","TE","WAS",5,93,NA,0,0,0,0,10,0,82,915,9,NA,2,142
"JAMESJONES","James Jones","WR","OAK",27,94,NA,0,0,0,0,3,0,68,951,8,NA,1,141
"KYLERUDOLPH","Kyle Rudolph","TE","MIN",6,95,NA,0,0,0,0,0,0,72,775,10,NA,0,137
"CECILSHORTS","Cecil Shorts","WR","JAC",28,95,NA,0,0,0,0,1,0,72,919,8,NA,1,137
"MICHAELFLOYD","Michael Floyd","WR","ARI",29,97,NA,0,0,0,0,3,0,68,1004,6,NA,1,134
"MARQUESCOLSTON","Marques Colston","WR","NOS",30,98,NA,0,0,0,0,0,0,71,995,6,NA,1,133
"PERCYHARVIN","Percy Harvin","WR","SEA",31,99,NA,0,0,0,0,50,0,63,919,6,NA,0,132
"MIKEWALLACE","Mike Wallace","WR","MIA",31,99,NA,0,0,0,0,18,0,79,975,6,NA,1,132
"STEVANRIDLEY","Stevan Ridley","RB","NEP",32,101,NA,0,0,0,0,826,8,12,72,0,NA,3,131
"DENNISPITTA","Dennis Pitta","TE","BAL",7,102,NA,0,0,0,0,0,0,80,825,8,NA,0,130
"GREGJENNINGS","Greg Jennings","WR","MIN",33,102,NA,0,0,0,0,8,0,76,885,7,NA,0,130
"TEDDYBRIDGEWATER","Teddy Bridgewater","QB","MIN",32,104,NA,145,1650,13,9,135,1,0,0,0,NA,0,128
"MAURICEJONESDREW","Maurice Jones-Drew","RB","OAK",33,104,NA,0,0,0,0,700,4,42,325,1,NA,2,128
"MILESAUSTIN","Miles Austin","WR","CLE",34,104,NA,0,0,0,0,19,0,60,975,5,NA,0,128
"TYHILTON","T.Y. Hilton","WR","IND",35,107,NA,0,0,0,0,2,0,71,971,5,NA,0,127
"JASONWITTEN","Jason Witten","TE","DAL",8,108,NA,0,0,0,0,0,0,84,900,6,NA,0,126
"EMMANUELSANDERS","Emmanuel Sanders","WR","DEN",36,108,NA,0,0,0,0,3,0,70,900,6,NA,0,126
"DANNYWOODHEAD","Danny Woodhead","RB","SDC",34,110,NA,0,0,0,0,439,3,62,471,3,NA,1,124
"JORDANCAMERON","Jordan Cameron","TE","CLE",9,110,NA,0,0,0,0,0,0,67,769,8,NA,0,124
"DARRENMCFADDEN","Darren McFadden","RB","OAK",35,112,NA,0,0,0,0,550,4,40,334,2,NA,1,122
"JULIANEDELMAN","Julian Edelman","WR","NEP",37,112,NA,0,0,0,0,6,0,90,925,5,NA,0,122
"KENDALLWRIGHT","Kendall Wright","WR","TEN",38,114,NA,0,0,0,0,2,0,81,976,4,NA,0,121
"DWAYNEBOWE","Dwayne Bowe","WR","KCC",39,115,NA,0,0,0,0,0,0,67,866,6,NA,1,120
"TERRANCEWILLIAMS","Terrance Williams","WR","DAL",40,116,NA,0,0,0,0,5,0,62,875,6,NA,2,119
"DOUGBALDWIN","Doug Baldwin","WR","SEA",41,117,NA,0,0,0,0,8,0,55,825,6,NA,0,118
"JERRICHOCOTCHERY","Jerricho Cotchery","WR","CAR",41,117,NA,0,0,0,0,10,0,65,875,5,NA,0,118
"ROBERTWOODS","Robert Woods","WR","BUF",41,117,NA,0,0,0,0,19,0,60,875,5,NA,0,118
"GOLDENTATE","Golden Tate","WR","DET",44,120,NA,0,0,0,0,14,0,65,800,6,NA,0,117
"CHRISIVORY","Chris Ivory","RB","NYJ",36,121,NA,0,0,0,0,926,3,10,67,0,NA,0,116
"BERNARDPIERCE","Bernard Pierce","RB","BAL",36,121,NA,0,0,0,0,715,6,17,95,0,NA,0,116
"JEREMYHILL","Jeremy Hill","RB","CIN",38,123,NA,0,0,0,0,670,7,4,28,1,NA,1,115
"GREGOLSEN","Greg Olsen","TE","CAR",10,123,NA,0,0,0,0,0,0,69,791,6,NA,0,115
"DANNYAMENDOLA","Danny Amendola","WR","NEP",45,125,NA,0,0,0,0,0,0,60,825,5,NA,0,112
"DEANDREHOPKINS","DeAndre Hopkins","WR","HOU",45,125,NA,0,0,0,0,2,0,65,900,4,NA,1,112
"NATEWASHINGTON","Nate Washington","WR","TEN",45,125,NA,0,0,0,0,0,0,57,888,4,NA,0,112
"RILEYCOOPER","Riley Cooper","WR","PHI",48,128,NA,0,0,0,0,2,0,51,750,6,NA,0,111
"SHANEVEREEN","Shane Vereen","RB","NEP",39,129,NA,0,0,0,0,350,2,52,475,3,NA,1,110
"ANDREWILLIAMS","Andre Williams","RB","NYG",39,129,NA,0,0,0,0,650,7,10,73,0,NA,2,110
"LADARIUSGREEN","Ladarius Green","TE","SDC",11,131,NA,0,0,0,0,0,0,38,675,7,NA,0,109
"KELVINBENJAMIN","Kelvin Benjamin","WR","CAR",49,131,NA,0,0,0,0,21,0,50,650,7,NA,0,109
"RUEBENRANDLE","Rueben Randle","WR","NYG",49,131,NA,0,0,0,0,0,0,54,750,6,NA,1,109
"DARRENSPROLES","Darren Sproles","RB","PHI",41,134,NA,0,0,0,0,195,3,55,490,4,NA,1,108
"BRIANHARTLINE","Brian Hartline","WR","MIA",51,134,NA,0,0,0,0,0,0,65,925,3,NA,1,108
"ZACHERTZ","Zach Ertz","TE","PHI",12,136,NA,0,0,0,0,0,0,53,624,8,NA,2,106
"LEGARRETTEBLOUNT","LeGarrette Blount","RB","PIT",42,137,NA,0,0,0,0,625,5,14,118,1,NA,2,105
"CHARLESCLAY","Charles Clay","TE","MIA",13,137,NA,0,0,0,0,10,1,57,624,6,NA,0,105
"BRANDINCOOKS","Brandin Cooks","WR","NOS",52,137,NA,0,0,0,0,6,0,75,775,5,NA,1,105
"CHRISGIVENS","Chris Givens","WR","STL",52,137,NA,0,0,0,0,13,0,45,702,6,NA,1,105
"MARKUSWHEATON","Markus Wheaton","WR","PIT",54,141,NA,0,0,0,0,7,0,65,698,6,NA,1,103
"HAKEEMNICKS","Hakeem Nicks","WR","IND",55,142,NA,0,0,0,0,2,0,59,786,4,NA,0,102
"ANQUANBOLDIN","Anquan Boldin","WR","SFO",56,143,NA,0,0,0,0,3,0,64,775,4,NA,0,101
"JARRETTBOYKIN","Jarrett Boykin","WR","GBP",56,143,NA,0,0,0,0,3,0,53,713,5,NA,0,101
"GARRETTGRAHAM","Garrett Graham","TE","HOU",14,145,NA,0,0,0,0,0,0,64,726,5,NA,1,100
"MIKEEVANS","Mike Evans","WR","TBB",58,145,NA,0,0,0,0,0,0,47,640,6,NA,0,100
"MATTCASSEL","Matt Cassel","QB","MIN",33,147,NA,130,1550,9,8,70,1,0,0,0,NA,2,99
"MARKINGRAM","Mark Ingram","RB","NOS",43,147,NA,0,0,0,0,454,3,48,300,1,NA,0,99
"DWAYNEALLEN","Dwayne Allen","TE","IND",15,149,NA,0,0,0,0,4,0,52,625,6,NA,0,98
"DELANIEWALKER","Delanie Walker","TE","TEN",15,149,NA,0,0,0,0,0,0,63,625,6,NA,0,98
"AARONDOBSON","Aaron Dobson","WR","NEP",59,151,NA,0,0,0,0,2,0,60,799,3,NA,0,97
"AHMADBRADSHAW","Ahmad Bradshaw","RB","IND",44,152,NA,0,0,0,0,450,4,22,194,1,NA,0,94
"KNOWSHONMORENO","Knowshon Moreno","RB","MIA",44,152,NA,0,0,0,0,515,3,24,215,1,NA,1,94
"MARVINJONES","Marvin Jones","WR","CIN",60,152,NA,0,0,0,0,36,0,45,614,5,NA,0,94
"MARQISELEE","Marqise Lee","WR","JAC",60,152,NA,0,0,0,0,7,0,58,661,5,NA,1,94
"STEPFANTAYLOR","Stepfan Taylor","RB","ARI",46,156,NA,0,0,0,0,466,4,28,271,0,NA,2,93
"HEATHMILLER","Heath Miller","TE","PIT",17,156,NA,0,0,0,0,0,0,66,713,4,NA,1,93
"KENNYSTILLS","Kenny Stills","WR","NOS",62,156,NA,0,0,0,0,7,0,38,699,4,NA,0,93
"JUSTINHUNTER","Justin Hunter","WR","TEN",63,159,NA,0,0,0,0,0,0,32,550,6,NA,0,91
"STEVESMITH","Steve Smith","WR","BAL",63,159,NA,0,0,0,0,0,0,57,735,3,NA,0,91
"ANTONIOGATES","Antonio Gates","TE","SDC",18,161,NA,0,0,0,0,0,0,58,617,5,NA,1,89
"ODELLBECKHAM","Odell Beckham","WR","NYG",65,161,NA,0,0,0,0,0,0,45,475,7,NA,0,89
"EDDIEROYAL","Eddie Royal","WR","SDC",65,161,NA,0,0,0,0,27,0,42,595,5,NA,1,89
"DEVONTAFREEMAN","Devonta Freeman","RB","ATL",47,164,NA,0,0,0,0,525,4,21,140,0,NA,1,88
"JACQUIZZRODGERS","Jacquizz Rodgers","RB","ATL",47,164,NA,0,0,0,0,383,2,49,346,1,NA,1,88
"TERRANCEWEST","Terrance West","RB","CLE",49,166,NA,0,0,0,0,525,3,28,196,0,NA,1,87
"JAREDCOOK","Jared Cook","TE","STL",19,166,NA,0,0,0,0,0,0,46,575,5,NA,0,87
"JERMAINEGRESHAM","Jermaine Gresham","TE","CIN",19,166,NA,0,0,0,0,0,0,47,515,7,NA,3,87
"HARRYDOUGLAS","Harry Douglas","WR","ATL",67,166,NA,0,0,0,0,0,0,59,719,3,NA,1,87
"JORDANMATTHEWS","Jordan Matthews","WR","PHI",67,166,NA,0,0,0,0,1,0,45,578,5,NA,0,87
"MALCOMFLOYD","Malcom Floyd","WR","SDC",69,171,NA,0,0,0,0,0,0,44,685,3,NA,0,86
"RODSTREATER","Rod Streater","WR","OAK",69,171,NA,0,0,0,0,11,0,48,635,4,NA,1,86
"MARTELLUSBENNETT","Martellus Bennett","TE","CHI",21,173,NA,0,0,0,0,0,0,55,637,4,NA,1,85
"ANDREHOLMES","Andre Holmes","WR","OAK",71,173,NA,0,0,0,0,4,0,43,675,3,NA,0,85
"CARLOSHYDE","Carlos Hyde","RB","SFO",50,175,NA,0,0,0,0,485,4,18,149,0,NA,1,84
"MIKETOLBERT","Mike Tolbert","RB","CAR",50,175,NA,0,0,0,0,329,4,23,162,2,NA,0,84
"SCOTTCHANDLER","Scott Chandler","TE","BUF",22,175,NA,0,0,0,0,0,0,48,621,4,NA,1,84
"ROYHELU","Roy Helu","RB","WAS",52,178,NA,0,0,0,0,350,2,38,305,1,NA,0,83
"TYLEREIFERT","Tyler Eifert","TE","CIN",23,179,NA,0,0,0,0,0,0,48,525,5,NA,0,82
"ANDREWHAWKINS","Andrew Hawkins","WR","CLE",72,179,NA,0,0,0,0,2,0,48,600,4,NA,1,82
"KNILEDAVIS","Knile Davis","RB","KCC",53,181,NA,0,0,0,0,329,5,21,150,1,NA,1,81
"JONATHANSTEWART","Jonathan Stewart","RB","CAR",53,181,NA,0,0,0,0,441,3,27,196,0,NA,0,81
"TEDGINN","Ted Ginn Jr.","WR","ARI",73,181,NA,0,0,0,0,16,0,41,561,4,NA,0,81
"JAMESSTARKS","James Starks","RB","GBP",55,184,NA,0,0,0,0,480,3,10,86,1,NA,0,80
"JACEAMARO","Jace Amaro","TE","NYJ",24,184,NA,0,0,0,0,0,0,43,568,4,NA,0,80
"JEREMYKERLEY","Jeremy Kerley","WR","NYJ",74,186,NA,0,0,0,0,29,0,50,610,3,NA,1,79
"STEVENJACKSON","Steven Jackson","RB","ATL",56,187,NA,0,0,0,0,450,3,24,150,0,NA,0,78
"NATEBURLESON","Nate Burleson","WR","CLE",75,187,NA,0,0,0,0,7,0,52,624,3,NA,1,78
"RONNIEHILLMAN","Ronnie Hillman","RB","DEN",57,189,NA,0,0,0,0,520,2,21,173,0,NA,2,77
"DONNIEAVERY","Donnie Avery","WR","KCC",76,190,NA,0,0,0,0,7,0,37,577,3,NA,0,75
"JARVISLANDRY","Jarvis Landry","WR","MIA",76,190,NA,0,0,0,0,0,0,45,575,3,NA,0,75
"JARIUSWRIGHT","Jarius Wright","WR","MIN",76,190,NA,0,0,0,0,18,1,29,500,3,NA,0,75
"LANCEDUNBAR","Lance Dunbar","RB","DAL",58,193,NA,0,0,0,0,280,2,30,245,2,NA,1,74
"DENARIUSMOORE","Denarius Moore","WR","OAK",79,193,NA,0,0,0,0,0,0,37,504,4,NA,0,74
"ALLENROBINSON","Allen Robinson","WR","JAC",79,193,NA,0,0,0,0,0,0,45,525,4,NA,1,74
"TIQUANUNDERWOOD","Tiquan Underwood","WR","CAR",79,193,NA,0,0,0,0,11,0,40,550,3,NA,0,74
"JOSEPHFAURIA","Joseph Fauria","TE","DET",25,197,NA,0,0,0,0,0,0,27,315,7,NA,0,73
"MARCEDESLEWIS","Marcedes Lewis","TE","JAC",25,197,NA,0,0,0,0,0,0,42,519,4,NA,1,73
"AUSTINSEFERIANJENKINS","Austin Seferian-Jenkins","TE","TBB",25,197,NA,0,0,0,0,2,0,42,430,5,NA,0,73
"MARLONBROWN","Marlon Brown","WR","BAL",82,197,NA,0,0,0,0,0,0,47,497,4,NA,0,73
"MARTAVISBRYANT","Martavis Bryant","WR","PIT",82,197,NA,0,0,0,0,0,0,34,495,4,NA,0,73
"JASONCAMPBELL","Jason Campbell","QB","CIN",34,202,NA,77,929,8,2,77,0,0,0,0,NA,1,72
"LATAVIUSMURRAY","Latavius Murray","RB","OAK",59,202,NA,0,0,0,0,435,3,14,135,0,NA,1,72
"ERICEBRON","Eric Ebron","TE","DET",28,202,NA,0,0,0,0,0,0,44,500,4,NA,1,72
"JERMAINEKEARSE","Jermaine Kearse","WR","SEA",84,202,NA,0,0,0,0,1,0,33,506,4,NA,1,72
"TAVONAUSTIN","Tavon Austin","WR","STL",85,206,NA,0,0,0,0,48,1,42,452,3,NA,1,71
"BRENTCELEK","Brent Celek","TE","PHI",29,207,NA,0,0,0,0,0,0,32,423,5,NA,1,70
"SHONNGREENE","Shonn Greene","RB","TEN",60,208,NA,0,0,0,0,410,4,8,45,0,NA,0,69
"LANCEMOORE","Lance Moore","WR","PIT",86,208,NA,0,0,0,0,10,0,42,523,3,NA,1,69
"MOHAMEDSANU","Mohamed Sanu","WR","CIN",86,208,NA,0,0,0,0,34,0,45,500,3,NA,1,69
"MIKEWILLIAMS","Mike Williams","WR","BUF",88,211,NA,0,0,0,0,1,0,41,620,1,NA,0,68
"BILALPOWELL","Bilal Powell","RB","NYJ",61,212,NA,0,0,0,0,428,1,26,199,0,NA,0,67
"ZACHMILLER","Zach Miller","TE","SEA",30,212,NA,0,0,0,0,0,0,36,392,5,NA,1,67
"MIKELLESHOURE","Mikel Leshoure","RB","DET",62,214,NA,0,0,0,0,352,4,12,82,0,NA,1,65
"STEVIEJOHNSON","Stevie Johnson","WR","SFO",89,214,NA,0,0,0,0,3,0,45,495,3,NA,1,65
"AUSTINPETTIS","Austin Pettis","WR","STL",89,214,NA,0,0,0,0,0,0,40,413,4,NA,0,65
"JEROMESIMPSON","Jerome Simpson","WR","MIN",89,214,NA,0,0,0,0,0,0,42,598,1,NA,0,65
"JONATHANGRIMES","Jonathan Grimes","RB","HOU",63,218,NA,0,0,0,0,325,3,19,106,1,NA,1,64
"BOBBYRAINEY","Bobby Rainey","RB","TBB",63,218,NA,0,0,0,0,414,2,23,138,0,NA,1,64
"ROBERTTURBIN","Robert Turbin","RB","SEA",63,218,NA,0,0,0,0,425,2,11,109,0,NA,0,64
"RYANGRIFFIN","Ryan Griffin","TE","HOU",31,218,NA,0,0,0,0,0,0,38,465,3,NA,0,64
"BRANDONLAFELL","Brandon LaFell","WR","NEP",92,218,NA,0,0,0,0,5,0,38,460,3,NA,0,64
"ANTHONYFASANO","Anthony Fasano","TE","KCC",32,223,NA,0,0,0,0,0,0,35,332,5,NA,0,63
"BLAKEBORTLES","Blake Bortles","QB","JAC",35,224,NA,90,1000,8,10,5,0,0,0,0,NA,0,62
"DONALDBROWN","Donald Brown","RB","SDC",66,224,NA,0,0,0,0,280,3,16,103,1,NA,0,62
"KHIRYROBINSON","Khiry Robinson","RB","NOS",66,224,NA,0,0,0,0,450,2,7,50,0,NA,0,62
"LEVINETOILOLO","Levine Toilolo","TE","ATL",33,224,NA,0,0,0,0,0,0,40,385,4,NA,0,62
"COLEBEASLEY","Cole Beasley","WR","DAL",93,224,NA,0,0,0,0,1,0,43,462,3,NA,1,62
"BRANDONBOSTICK","Brandon Bostick","TE","GBP",34,229,NA,0,0,0,0,0,0,34,425,3,NA,0,60
"KRISDURHAM","Kris Durham","WR","DET",94,229,NA,0,0,0,0,2,0,35,445,3,NA,1,60
"PEYTONHILLIS","Peyton Hillis","RB","NYG",68,231,NA,0,0,0,0,332,2,14,86,1,NA,0,59
"JAMESWHITE","James White","RB","NEP",68,231,NA,0,0,0,0,433,1,5,40,1,NA,0,59
"TRAVISKELCE","Travis Kelce","TE","KCC",35,231,NA,0,0,0,0,0,0,35,415,3,NA,0,59
"LANCEKENDRICKS","Lance Kendricks","TE","STL",35,231,NA,0,0,0,0,0,0,31,296,5,NA,0,59
"KENNYBRITT","Kenny Britt","WR","STL",95,231,NA,0,0,0,0,0,0,42,475,2,NA,0,59
"NICKTOON","Nick Toon","WR","NOS",95,231,NA,0,0,0,0,1,0,38,475,2,NA,0,59
"DANIELTHOMAS","Daniel Thomas","RB","MIA",70,237,NA,0,0,0,0,229,2,13,62,3,NA,0,58
"DAVIDAUSBERRY","David Ausberry","TE","OAK",37,237,NA,0,0,0,0,0,0,33,349,4,NA,0,58
"JEFFCUMBERLAND","Jeff Cumberland","TE","NYJ",37,237,NA,0,0,0,0,0,0,28,400,3,NA,0,58
"ANDREWQUARLESS","Andrew Quarless","TE","GBP",37,237,NA,0,0,0,0,0,0,42,405,3,NA,0,58
"LUKEWILLSON","Luke Willson","TE","SEA",37,237,NA,0,0,0,0,0,0,35,345,4,NA,0,58
"MIKEGLENNON","Mike Glennon","QB","TBB",36,242,NA,68,743,8,2,5,0,0,0,0,NA,1,57
"CHRISOGBONNAYA","Chris Ogbonnaya","RB","CLE",71,243,NA,0,0,0,0,236,0,44,302,1,NA,2,55
"GRIFFWHALEN","Griff Whalen","WR","IND",97,243,NA,0,0,0,0,0,0,29,319,4,NA,0,55
"CHRISTINEMICHAEL","Christine Michael","RB","SEA",72,245,NA,0,0,0,0,400,2,5,28,0,NA,0,54
"COBYFLEENER","Coby Fleener","TE","IND",41,245,NA,0,0,0,0,0,0,35,365,3,NA,0,54
"JERRELJERNIGAN","Jerrel Jernigan","WR","NYG",98,245,NA,0,0,0,0,1,0,32,360,3,NA,0,54
"KENBRELLTHOMPKINS","Kenbrell Thompkins","WR","NEP",98,245,NA,0,0,0,0,0,0,29,361,3,NA,0,54
"MATTFLYNN","Matt Flynn","QB","GBP",37,249,NA,74,846,6,4,29,0,0,0,0,NA,1,53
"BENNYCUNNINGHAM","Benny Cunningham","RB","STL",73,249,NA,0,0,0,0,325,1,17,157,0,NA,0,53
"MARCELREECE","Marcel Reece","RB","OAK",73,249,NA,0,0,0,0,81,1,30,274,2,NA,0,53
"STEPHENHILL","Stephen Hill","WR","NYJ",100,249,NA,0,0,0,0,8,0,39,437,2,NA,1,53
"ANDREROBERTS","Andre Roberts","WR","WAS",100,249,NA,0,0,0,0,3,0,39,470,1,NA,0,53
"JORDANTODMAN","Jordan Todman","RB","JAC",75,254,NA,0,0,0,0,250,2,11,91,1,NA,0,52
"TROYNIKLAS","Troy Niklas","TE","ARI",42,254,NA,0,0,0,0,0,0,41,409,2,NA,0,52
"ADRIENROBINSON","Adrien Robinson","TE","NYG",42,254,NA,0,0,0,0,0,0,30,340,3,NA,0,52
"BRIANQUICK","Brian Quick","WR","STL",102,254,NA,0,0,0,0,0,0,22,345,3,NA,0,52
"BRANDONWEEDEN","Brandon Weeden","QB","DAL",38,258,NA,60,725,6,5,50,0,0,0,0,NA,1,51
"MATTASIATA","Matt Asiata","RB","MIN",76,258,NA,0,0,0,0,361,1,18,114,0,NA,1,51
"BRANDONLLOYD","Brandon Lloyd","WR","SFO",103,258,NA,0,0,0,0,0,0,24,335,3,NA,0,51
"KADEEMCAREY","Ka'Deem Carey","RB","CHI",77,261,NA,0,0,0,0,277,2,7,71,1,NA,1,50
"OWENDANIELS","Owen Daniels","TE","BAL",44,261,NA,0,0,0,0,0,0,40,385,2,NA,0,50
"DREWDAVIS","Drew Davis","WR","ATL",104,263,NA,0,0,0,0,0,0,18,305,3,NA,0,48
"BRANDONPETTIGREW","Brandon Pettigrew","TE","DET",45,264,NA,0,0,0,0,0,0,35,345,2,NA,0,46
"JACOBTAMME","Jacob Tamme","TE","DEN",45,264,NA,0,0,0,0,0,0,27,285,3,NA,0,46
"JACOBYJONES","Jacoby Jones","WR","BAL",105,264,NA,0,0,0,0,0,0,30,344,2,NA,0,46
"TRAVARISCADET","Travaris Cadet","RB","NOS",78,267,NA,0,0,0,0,185,0,24,215,1,NA,0,45
"BENJARVUSGREENELLIS","BenJarvus Green-Ellis","RB","CIN",78,267,NA,0,0,0,0,350,2,2,8,0,NA,1,45
"MIKEBROWN","Mike Brown","WR","JAC",106,267,NA,0,0,0,0,0,0,30,415,1,NA,1,45
"KEVINOGLETREE","Kevin Ogletree","WR","DET",106,267,NA,0,0,0,0,5,0,16,212,4,NA,0,45
"DARICKROGERS","Da'Rick Rogers","WR","IND",106,267,NA,0,0,0,0,11,0,25,325,2,NA,0,45
"DAVANTEADAMS","Davante Adams","WR","GBP",109,272,NA,0,0,0,0,3,0,25,325,2,NA,0,44
"BRANDONGIBSON","Brandon Gibson","WR","MIA",109,272,NA,0,0,0,0,0,0,28,325,2,NA,0,44
"ALFREDBLUE","Alfred Blue","RB","HOU",80,274,NA,0,0,0,0,275,2,7,63,0,NA,1,43
"ACESANDERS","Ace Sanders","WR","JAC",111,274,NA,0,0,0,0,2,0,41,370,1,NA,0,43
"DUJUANHARRIS","DuJuan Harris","RB","GBP",81,276,NA,0,0,0,0,214,3,8,53,0,NA,1,42
"CHRISPOLK","Chris Polk","RB","PHI",82,277,NA,0,0,0,0,130,4,3,48,0,NA,0,41
"SANTANAMOSS","Santana Moss","WR","WAS",112,277,NA,0,0,0,0,12,0,34,380,1,NA,2,41
"DEVINSTREET","Devin Street","WR","DAL",112,277,NA,0,0,0,0,0,0,24,295,2,NA,0,41
"EDWINBAKER","Edwin Baker","RB","CLE",83,280,NA,0,0,0,0,265,1,14,33,1,NA,1,39
"BRANDONMYERS","Brandon Myers","TE","TBB",47,280,NA,0,0,0,0,0,0,25,275,2,NA,0,39
"LOGANPAULSEN","Logan Paulsen","TE","WAS",47,280,NA,0,0,0,0,0,0,29,259,3,NA,2,39
"MYCHALRIVERA","Mychal Rivera","TE","OAK",47,280,NA,0,0,0,0,0,0,24,270,2,NA,0,39
"GREGLITTLE","Greg Little","WR","OAK",114,280,NA,0,0,0,0,0,0,27,277,2,NA,0,39
"ROBERTMEACHEM","Robert Meachem","WR","NOS",114,280,NA,0,0,0,0,0,0,14,275,2,NA,0,39
"DAVIDNELSON","David Nelson","WR","NYJ",114,280,NA,0,0,0,0,7,0,33,395,0,NA,0,39
"DEREKCARR","Derek Carr","QB","OAK",39,287,NA,55,625,4,6,37,0,0,0,0,NA,0,38
"DEXTERMCCLUSTER","Dexter McCluster","RB","TEN",84,287,NA,0,0,0,0,20,0,34,304,1,NA,0,38
"JOHNBROWN","John Brown","WR","ARI",117,287,NA,0,0,0,0,0,0,23,325,1,NA,0,38
"BENWATSON","Ben Watson","TE","NOS",50,290,NA,0,0,0,0,0,0,22,252,2,NA,0,37
"ALDRICKROBINSON","Aldrick Robinson","WR","WAS",118,290,NA,0,0,0,0,0,0,13,253,2,NA,0,37
"BRYCEBROWN","Bryce Brown","RB","BUF",85,292,NA,0,0,0,0,270,1,9,30,0,NA,0,36
"RICHARDRODGERS","Richard Rodgers","TE","GBP",51,292,NA,0,0,0,0,0,0,24,265,2,NA,1,36
"MARQUISEGOODWIN","Marquise Goodwin","WR","BUF",119,292,NA,0,0,0,0,8,0,16,241,2,NA,0,36
"LEONARDHANKERSON","Leonard Hankerson","WR","WAS",119,292,NA,0,0,0,0,3,0,20,248,2,NA,0,36
"BRANDONBOLDEN","Brandon Bolden","RB","NEP",86,296,NA,0,0,0,0,145,2,11,97,0,NA,0,35
"ROBERTHOUSLER","Robert Housler","TE","ARI",52,296,NA,0,0,0,0,0,0,32,354,0,NA,0,35
"JUSTINFORSETT","Justin Forsett","RB","BAL",87,298,NA,0,0,0,0,175,0,14,110,1,NA,0,34
"CLAYHARBOR","Clay Harbor","TE","JAC",53,298,NA,0,0,0,0,0,0,21,240,2,NA,1,34
"ANDRECALDWELL","Andre Caldwell","WR","DEN",121,298,NA,0,0,0,0,4,0,13,160,3,NA,0,34
"KESHAWNMARTIN","Keshawn Martin","WR","HOU",121,298,NA,0,0,0,0,4,0,21,224,2,NA,0,34
"TOMSAVAGE","Tom Savage","QB","HOU",40,302,NA,40,450,3,5,25,1,0,0,0,NA,0,33
"AJJENKINS","A.J. Jenkins","WR","KCC",123,302,NA,0,0,0,0,0,0,26,279,1,NA,0,33
"PAULRICHARDSON","Paul Richardson","WR","SEA",123,302,NA,0,0,0,0,0,0,20,275,1,NA,0,33
"CHARLIEWHITEHURST","Charlie Whitehurst","QB","TEN",41,305,NA,62,650,3,4,25,0,0,0,0,NA,2,32
"TREMASON","Tre Mason","RB","STL",88,305,NA,0,0,0,0,195,1,9,75,0,NA,0,32
"TONYMOEAKI","Tony Moeaki","TE","BUF",54,305,NA,0,0,0,0,0,0,24,265,1,NA,0,32
"TIMWRIGHT","Tim Wright","TE","TBB",54,305,NA,0,0,0,0,2,0,25,260,1,NA,0,32
"DWAYNEHARRIS","Dwayne Harris","WR","DAL",125,305,NA,0,0,0,0,4,0,16,161,3,NA,1,32
"CODYLATIMER","Cody Latimer","WR","DEN",125,305,NA,0,0,0,0,0,0,23,265,1,NA,0,32
"QUINTONPATTON","Quinton Patton","WR","SFO",125,305,NA,0,0,0,0,3,0,25,325,0,NA,0,32
"MARQUESSWILSON","Marquess Wilson","WR","CHI",125,305,NA,0,0,0,0,2,0,23,202,2,NA,0,32
"MIKEJAMES","Mike James","RB","TBB",89,313,NA,0,0,0,0,186,1,13,73,0,NA,0,31
"RISHARDMATTHEWS","Rishard Matthews","WR","MIA",129,314,NA,0,0,0,0,0,0,32,302,0,NA,0,30
"JONATHANDWYER","Jonathan Dwyer","RB","ARI",90,315,NA,0,0,0,0,225,0,10,73,0,NA,0,29
"ZACHSUDFELD","Zach Sudfeld","TE","NYJ",56,316,NA,0,0,0,0,0,0,17,225,1,NA,0,28
"JOSEPHRANDLE","Joseph Randle","RB","DAL",91,317,NA,0,0,0,0,175,1,6,43,0,NA,0,27
"GAVINESCOBAR","Gavin Escobar","TE","DAL",57,317,NA,0,0,0,0,0,0,13,155,2,NA,0,27
"JASONAVANT","Jason Avant","WR","CAR",130,317,NA,0,0,0,0,0,0,19,218,1,NA,0,27
"VINCENTBROWN","Vincent Brown","WR","SDC",130,317,NA,0,0,0,0,0,0,19,217,1,NA,0,27
"TJGRAHAM","T.J. Graham","WR","BUF",130,317,NA,0,0,0,0,5,0,16,210,1,NA,0,27
"JUNIORHEMINGWAY","Junior Hemingway","WR","KCC",130,317,NA,0,0,0,0,0,0,14,152,2,NA,0,27
"MICHAELPRESTON","Michael Preston","WR","TEN",130,317,NA,0,0,0,0,0,0,13,150,2,NA,0,27
"KELLENCLEMENS","Kellen Clemens","QB","SDC",42,324,NA,43,447,3,2,12,0,0,0,0,NA,1,26
"LAMICHAELJAMES","LaMichael James","RB","SFO",92,324,NA,0,0,0,0,157,1,4,53,0,NA,0,26
"LORENZOTALIAFERRO","Lorenzo Taliaferro","RB","BAL",93,326,NA,0,0,0,0,135,2,0,0,0,NA,0,25
"JOHNCARLSON","John Carlson","TE","ARI",58,326,NA,0,0,0,0,0,0,23,238,1,NA,2,25
"EDDICKSON","Ed Dickson","TE","CAR",58,326,NA,0,0,0,0,0,0,22,250,0,NA,0,25
"DEVIERPOSEY","DeVier Posey","WR","HOU",135,326,NA,0,0,0,0,2,0,24,255,0,NA,0,25
"ISAIAHCROWELL","Isaiah Crowell","RB","CLE",94,330,NA,0,0,0,0,185,1,0,0,0,NA,0,24
"CJFIEDOROWICZ","C.J. Fiedorowicz","TE","HOU",60,331,NA,0,0,0,0,0,0,15,175,1,NA,0,23
"MICHAELHOOMANAWANUI","Michael Hoomanawanui","TE","NEP",60,331,NA,0,0,0,0,0,0,13,177,1,NA,0,23
"MICHAELVICK","Michael Vick","QB","NYJ",43,333,NA,39,445,1,8,123,0,0,0,0,NA,2,21
"CJANDERSON","C.J. Anderson","RB","DEN",95,333,NA,0,0,0,0,203,0,3,34,0,NA,1,21
"CEDRICPEERMAN","Cedric Peerman","RB","CIN",95,333,NA,0,0,0,0,145,1,1,11,0,NA,0,21
"BRUCEELLINGTON","Bruce Ellington","WR","SFO",136,333,NA,0,0,0,0,0,0,17,215,0,NA,0,21
"CHRISOWUSU","Chris Owusu","WR","TBB",136,333,NA,0,0,0,0,2,0,23,210,0,NA,0,21
"KIRKCOUSINS","Kirk Cousins","QB","WAS",44,338,NA,49,455,2,6,7,0,0,0,0,NA,0,20
"BRIANHOYER","Brian Hoyer","QB","CLE",44,338,NA,32,310,3,2,24,0,0,0,0,NA,2,20
"MICHAELCOX","Michael Cox","RB","NYG",97,338,NA,0,0,0,0,175,0,4,35,0,NA,0,20
"STEDMANBAILEY","Stedman Bailey","WR","STL",138,338,NA,0,0,0,0,3,0,13,201,0,NA,0,20
"JOSHHUFF","Josh Huff","WR","PHI",138,338,NA,0,0,0,0,8,0,19,225,0,NA,1,20
"JACKIEBATTLE","Jackie Battle","RB","TEN",98,343,NA,0,0,0,0,117,1,3,28,0,NA,0,19
"JIMDRAY","Jim Dray","TE","CLE",62,343,NA,0,0,0,0,16,0,18,146,1,NA,1,19
"DARRIUSHEYWARDBEY","Darrius Heyward-Bey","WR","PIT",140,343,NA,0,0,0,0,0,0,13,131,1,NA,0,19
"LARRYDONNELL","Larry Donnell","TE","NYG",63,346,NA,0,0,0,0,2,0,15,120,1,NA,0,18
"TARVARISJACKSON","Tarvaris Jackson","QB","SEA",46,347,NA,13,187,1,0,0,1,0,0,0,NA,0,17
"STANLEYHAVILI","Stanley Havili","RB","IND",99,347,NA,0,0,0,0,10,0,22,161,0,NA,0,17
"ROBERTHERRON","Robert Herron","WR","TBB",141,347,NA,0,0,0,0,0,0,18,195,0,NA,1,17
"DONTEMONCRIEF","Donte Moncrief","WR","IND",141,347,NA,0,0,0,0,0,0,15,175,0,NA,0,17
"JURONCRINER","Juron Criner","WR","OAK",143,351,NA,0,0,0,0,0,0,18,163,0,NA,0,16
"CHASEFORD","Chase Ford","TE","MIN",64,352,NA,0,0,0,0,0,0,16,153,0,NA,0,15
"CRAIGSTEVENS","Craig Stevens","TE","TEN",64,352,NA,0,0,0,0,0,0,9,98,1,NA,0,15
"JORDANPALMER","Jordan Palmer","QB","CHI",47,354,NA,23,205,2,4,23,0,0,0,0,NA,0,14
"TYRODTAYLOR","Tyrod Taylor","QB","BAL",47,354,NA,7,44,0,3,163,0,0,0,0,NA,0,14
"CYRUSGRAY","Cyrus Gray","RB","KCC",100,354,NA,0,0,0,0,51,0,13,111,0,NA,1,14
"STEPHENHOUSTON","Stephen Houston","RB","PIT",100,354,NA,0,0,0,0,145,0,0,0,0,NA,0,14
"DENARDROBINSON","Denard Robinson","RB","JAC",100,354,NA,0,0,0,0,145,0,6,20,0,NA,1,14
"CHARLESSIMS","Charles Sims","RB","TBB",100,354,NA,0,0,0,0,79,0,12,78,0,NA,0,14
"ANTONESMITH","Antone Smith","RB","ATL",100,354,NA,0,0,0,0,23,2,2,7,0,NA,0,14
"RYANWILLIAMS","Ryan Williams","RB","DAL",100,354,NA,0,0,0,0,140,0,0,0,0,NA,0,14
"GARYBARNIDGE","Gary Barnidge","TE","CLE",66,354,NA,0,0,0,0,0,0,11,86,1,NA,0,14
"TRAVISBENJAMIN","Travis Benjamin","WR","CLE",144,354,NA,0,0,0,0,15,0,11,158,0,NA,1,14
"MATTMCGLOIN","Matt McGloin","QB","OAK",49,364,NA,19,250,1,1,8,0,0,0,0,NA,0,13
"CHRISTIANPONDER","Christian Ponder","QB","MIN",49,364,NA,25,220,2,2,16,0,0,0,0,NA,1,13
"DRIARCHER","Dri Archer","RB","PIT",106,364,NA,0,0,0,0,75,0,13,89,0,NA,1,13
"JOSHBOYCE","Josh Boyce","WR","NEP",145,364,NA,0,0,0,0,1,0,12,139,0,NA,0,13
"DANESANZENBACHER","Dane Sanzenbacher","WR","CIN",145,364,NA,0,0,0,0,0,0,13,135,0,NA,0,13
"WILLIAMPOWELL","William Powell","RB","HOU",107,369,NA,0,0,0,0,101,0,6,27,0,NA,0,12
"DIONSIMS","Dion Sims","TE","MIA",67,369,NA,0,0,0,0,0,0,15,120,0,NA,0,12
"DARYLRICHARDSON","Daryl Richardson","RB","NYJ",108,371,NA,0,0,0,0,78,0,4,41,0,NA,0,11
"THEORIDDICK","Theo Riddick","RB","DET",108,371,NA,0,0,0,0,26,1,6,36,0,NA,0,11
"JARONBROWN","Jaron Brown","WR","ARI",147,371,NA,0,0,0,0,0,0,8,116,0,NA,0,11
"VANCEMCDONALD","Vance McDonald","TE","SFO",68,374,NA,0,0,0,0,0,0,8,108,0,NA,0,10
"MATTSPAETH","Matt Spaeth","TE","PIT",68,374,NA,0,0,0,0,0,0,3,40,1,NA,0,10
"BRITTANGOLDEN","Brittan Golden","WR","ARI",148,374,NA,0,0,0,0,0,0,5,103,0,NA,0,10
"JOSEPHMORGAN","Joseph Morgan","WR","NOS",148,374,NA,0,0,0,0,1,0,5,105,0,NA,0,10
"JOSHMORGAN","Josh Morgan","WR","CHI",148,374,NA,0,0,0,0,4,0,9,102,0,NA,0,10
"MATTHASSELBECK","Matt Hasselbeck","QB","IND",51,379,NA,20,323,0,3,0,0,0,0,0,NA,0,9
"MARKSANCHEZ","Mark Sanchez","QB","PHI",51,379,NA,20,230,1,4,0,0,0,0,0,NA,0,9
"CHARLESJOHNSON","Charles Johnson","WR","CLE",151,379,NA,0,0,0,0,4,0,13,115,0,NA,1,9
"LOUISMURPHY","Louis Murphy","WR","TBB",151,379,NA,0,0,0,0,11,0,13,107,0,NA,1,9
"MARCUSTHIGPEN","Marcus Thigpen","WR","MIA",151,379,NA,0,0,0,0,21,0,5,77,0,NA,0,9
"RHETTELLISON","Rhett Ellison","TE","MIN",70,384,NA,0,0,0,0,0,0,14,103,0,NA,1,8
"JOSHHILL","Josh Hill","TE","NOS",70,384,NA,0,0,0,0,0,0,9,82,0,NA,0,8
"RYANBROYLES","Ryan Broyles","WR","DET",154,384,NA,0,0,0,0,5,0,7,86,0,NA,0,8
"DEONTETHOMPSON","Deonte Thompson","WR","BAL",154,384,NA,0,0,0,0,0,0,9,86,0,NA,0,8
"DAMIANWILLIAMS","Damian Williams","WR","MIA",154,384,NA,0,0,0,0,0,0,5,85,0,NA,0,8
"THADDEUSLEWIS","Thaddeus Lewis","QB","BUF",53,389,NA,24,236,0,2,8,0,0,0,0,NA,0,7
"DREWSTANTON","Drew Stanton","QB","ARI",53,389,NA,29,284,0,4,1,0,0,0,0,NA,0,7
"RONNIEBROWN","Ronnie Brown","RB","HOU",110,389,NA,0,0,0,0,59,0,3,20,0,NA,0,7
"JEWELHAMPTON","Jewel Hampton","RB","SFO",110,389,NA,0,0,0,0,73,0,2,3,0,NA,0,7
"EVANROYSTER","Evan Royster","RB","WAS",110,389,NA,0,0,0,0,17,0,1,4,1,NA,0,7
"LACHESEASTRUNK","Lache Seastrunk","RB","WAS",110,389,NA,0,0,0,0,49,0,7,30,0,NA,0,7
"JAMESHANNA","James Hanna","TE","DAL",72,389,NA,0,0,0,0,0,0,10,75,0,NA,0,7
"BEARPASCOE","Bear Pascoe","TE","ATL",72,389,NA,0,0,0,0,2,0,12,75,0,NA,0,7
"BROCKOSWEILER","Brock Osweiler","QB","DEN",55,397,NA,19,163,0,0,0,0,0,0,0,NA,0,6
"DANHERRON","Dan Herron","RB","IND",114,397,NA,0,0,0,0,49,0,4,29,0,NA,0,6
"JOHNPHILLIPS","John Phillips","TE","SDC",74,397,NA,0,0,0,0,0,0,5,69,0,NA,0,6
"TANDONDOSS","Tandon Doss","WR","JAC",157,397,NA,0,0,0,0,0,0,7,88,0,NA,1,6
"KYLEWILLIAMS","Kyle Williams","WR","KCC",157,397,NA,0,0,0,0,5,0,6,62,0,NA,0,6
"MATTMOORE","Matt Moore","QB","MIA",56,402,NA,8,137,1,4,0,0,0,0,0,NA,0,5
"TJYATES","T.J. Yates","QB","ATL",56,402,NA,34,259,0,5,0,0,0,0,0,NA,0,5
"VIRGILGREEN","Virgil Green","TE","DEN",75,402,NA,0,0,0,0,4,0,9,52,0,NA,0,5
"DAVIDPAULSON","David Paulson","TE","PIT",75,402,NA,0,0,0,0,0,0,3,57,0,NA,0,5
"BRICEBUTLER","Brice Butler","WR","OAK",159,402,NA,0,0,0,0,0,0,6,53,0,NA,0,5
"JACOBYFORD","Jacoby Ford","WR","NYJ",159,402,NA,0,0,0,0,9,0,6,59,0,NA,0,5
"ALVESTERALEXANDER","Alvester Alexander","RB","PIT",115,408,NA,0,0,0,0,41,0,4,21,0,NA,1,4
"ANTHONYDIXON","Anthony Dixon","RB","BUF",115,408,NA,0,0,0,0,18,0,4,33,0,NA,0,4
"MIKEGILLISLEE","Mike Gillislee","RB","MIA",115,408,NA,0,0,0,0,41,0,1,7,0,NA,0,4
"MICHAELEGNEW","Michael Egnew","TE","MIA",77,408,NA,0,0,0,0,0,0,4,41,0,NA,0,4
"NILESPAUL","Niles Paul","TE","WAS",77,408,NA,0,0,0,0,0,0,4,47,0,NA,0,4
"LEESMITH","Lee Smith","TE","BUF",77,408,NA,0,0,0,0,0,0,3,40,0,NA,0,4
"SHAQEVANS","Shaq Evans","WR","NYJ",161,408,NA,0,0,0,0,14,0,7,57,0,NA,1,4
"JOEMCKNIGHT","Joe McKnight","RB","KCC",118,415,NA,0,0,0,0,33,0,2,25,0,NA,1,3
"JAMESCASEY","James Casey","TE","PHI",80,415,NA,0,0,0,0,0,0,4,38,0,NA,0,3
"CASEKEENUM","Case Keenum","QB","HOU",58,417,NA,8,84,0,1,2,0,0,0,0,NA,0,2
"DERRICKCOLEMAN","Derrick Coleman","RB","SEA",119,417,NA,0,0,0,0,5,0,4,22,0,NA,0,2
"JEFFDEMPS","Jeff Demps","RB","TBB",119,417,NA,0,0,0,0,12,0,2,11,0,NA,0,2
"TONYFIAMMETTA","Tony Fiammetta","RB","CHI",119,417,NA,0,0,0,0,0,0,1,21,0,NA,0,2
"DIONLEWIS","Dion Lewis","RB","CLE",119,417,NA,0,0,0,0,27,0,0,0,0,NA,0,2
"JERICKMCKINNON","Jerick McKinnon","RB","MIN",119,417,NA,0,0,0,0,2,0,4,27,0,NA,0,2
"PHILLIPTANNER","Phillip Tanner","RB","IND",119,417,NA,0,0,0,0,10,0,1,18,0,NA,0,2
"TAYLORTHOMPSON","Taylor Thompson","TE","TEN",81,417,NA,0,0,0,0,0,0,3,25,0,NA,0,2
"DAMARISJOHNSON","Damaris Johnson","WR","PHI",162,417,NA,0,0,0,0,5,0,3,21,0,NA,0,2
"BRANDONTATE","Brandon Tate","WR","CIN",162,417,NA,0,0,0,0,0,0,2,26,0,NA,0,2
"BLAINEGABBERT","Blaine Gabbert","QB","SFO",59,427,NA,7,54,0,1,0,0,0,0,0,NA,0,1
"TERRELLEPRYOR","Terrelle Pryor","QB","SEA",59,427,NA,4,41,0,1,18,0,0,0,0,NA,0,1
"KENJONBARNER","Kenjon Barner","RB","CAR",125,427,NA,0,0,0,0,4,0,3,15,0,NA,0,1
"SHAUNDRAUGHN","Shaun Draughn","RB","CHI",125,427,NA,0,0,0,0,12,0,1,3,0,NA,0,1
"MICHAELFORD","Michael Ford","RB","CHI",125,427,NA,0,0,0,0,16,0,0,0,0,NA,0,1
"MARIONGRICE","Marion Grice","RB","SDC",125,427,NA,0,0,0,0,10,0,0,0,0,NA,0,1
"KELLENDAVIS","Kellen Davis","TE","NYG",82,427,NA,0,0,0,0,0,0,1,13,0,NA,0,1
"DANTEROSARIO","Dante Rosario","TE","CHI",82,427,NA,0,0,0,0,0,0,1,13,0,NA,0,1
"RYANTAYLOR","Ryan Taylor","TE","GBP",82,427,NA,0,0,0,0,0,0,3,16,0,NA,0,1
"MIKETHOMAS","Mike Thomas","WR","HOU",164,427,NA,0,0,0,0,13,0,2,6,0,NA,0,1
"MYLESWHITE","Myles White","WR","GBP",164,427,NA,0,0,0,0,0,0,4,33,0,NA,1,1
"DEREKANDERSON","Derek Anderson","QB","CAR",61,438,NA,1,12,0,0,1,0,0,0,0,NA,0,0
"MATTBARKLEY","Matt Barkley","QB","PHI",61,438,NA,0,4,0,0,0,0,0,0,0,NA,0,0
"MCLEODBETHELTHOMPSON","McLeod Bethel-Thompson","QB","SFO",61,438,NA,0,0,0,0,0,0,0,0,0,NA,0,0
"CHASEDANIEL","Chase Daniel","QB","KCC",61,438,NA,6,69,0,2,0,0,0,0,0,NA,0,0
"AUSTINDAVIS","Austin Davis","QB","STL",61,438,NA,0,0,0,0,0,0,0,0,0,NA,0,0
"ZACDYSERT","Zac Dysert","QB","DEN",61,438,NA,0,0,0,0,0,0,0,0,0,NA,0,0
"DAVIDFALES","David Fales","QB","CHI",61,438,NA,0,0,0,0,0,0,0,0,0,NA,0,0
"JIMMYGAROPPOLO","Jimmy Garoppolo","QB","NEP",61,438,NA,0,0,0,0,0,0,0,0,0,NA,0,0
"BRUCEGRADKOWSKI","Bruce Gradkowski","QB","PIT",61,438,NA,1,6,0,0,0,0,0,0,0,NA,0,0
"LANDRYJONES","Landry Jones","QB","PIT",61,438,NA,0,0,0,0,0,0,0,0,0,NA,0,0
"MIKEKAFKA","Mike Kafka","QB","TBB",61,438,NA,0,0,0,0,0,0,0,0,0,NA,0,0
"RYANMALLETT","Ryan Mallett","QB","NEP",61,438,NA,1,7,0,0,0,0,0,0,0,NA,0,0
"AJMCCARRON","A.J. McCarron","QB","CIN",61,438,NA,0,0,0,0,0,0,0,0,0,NA,0,0
"LUKEMCCOWN","Luke McCown","QB","NOS",61,438,NA,0,0,0,0,0,0,0,0,0,NA,0,0
"COLTMCCOY","Colt McCoy","QB","WAS",61,438,NA,0,2,0,0,0,0,0,0,0,NA,0,0
"ZACHMETTENBERGER","Zach Mettenberger","QB","TEN",61,438,NA,0,0,0,0,0,0,0,0,0,NA,0,0
"KELLENMOORE","Kellen Moore","QB","DET",61,438,NA,0,0,0,0,0,0,0,0,0,NA,0,0
"AARONMURRAY","Aaron Murray","QB","KCC",61,438,NA,0,0,0,0,0,0,0,0,0,NA,0,0
"RYANNASSIB","Ryan Nassib","QB","NYG",61,438,NA,8,67,0,2,0,0,0,0,0,NA,0,0
"DANORLOVSKY","Dan Orlovsky","QB","DET",61,438,NA,0,1,0,0,0,0,0,0,0,NA,0,0
"SEANRENFREE","Sean Renfree","QB","ATL",61,438,NA,0,0,0,0,0,0,0,0,0,NA,0,0
"BRADSORENSEN","Brad Sorensen","QB","SDC",61,438,NA,0,0,0,0,0,0,0,0,0,NA,0,0
"SCOTTTOLZIEN","Scott Tolzien","QB","GBP",61,438,NA,2,18,0,0,1,0,0,0,0,NA,0,0
"JEFFTUEL","Jeff Tuel","QB","BUF",61,438,NA,1,4,0,0,0,0,0,0,0,NA,0,0
"DUSTINVAUGHAN","Dustin Vaughan","QB","DAL",61,438,NA,0,0,0,0,0,0,0,0,0,NA,0,0
"JOEWEBB","Joe Webb","QB","CAR",61,438,NA,0,0,0,0,0,0,0,0,0,NA,0,0
"ANTONIOANDREWS","Antonio Andrews","RB","TEN",129,438,NA,0,0,0,0,0,0,0,0,0,NA,0,0
"VICKBALLARD","Vick Ballard","RB","IND",129,438,NA,0,0,0,0,0,0,0,0,0,NA,0,0
"JOEBANYARD","Joe Banyard","RB","MIN",129,438,NA,0,0,0,0,0,0,0,0,0,NA,0,0
"KAPRIBIBBS","Kapri Bibbs","RB","DEN",129,438,NA,0,0,0,0,0,0,0,0,0,NA,0,0
"REXBURKHEAD","Rex Burkhead","RB","CIN",129,438,NA,0,0,0,0,0,0,0,1,0,NA,0,0
"BRENNANCLAY","Brennan Clay","RB","DEN",129,438,NA,0,0,0,0,0,0,0,0,0,NA,0,0
"DAVIDFLUELLEN","David Fluellen","RB","PHI",129,438,NA,0,0,0,0,0,0,0,0,0,NA,0,0
"TYLERGAFFNEY","Tyler Gaffney","RB","NEP",129,438,NA,0,0,0,0,0,0,0,0,0,NA,0,0
"KENDALLGASKINS","Kendall Gaskins","RB","NYG",129,438,NA,0,0,0,0,1,0,0,0,0,NA,0,0
"JONASGRAY","Jonas Gray","RB","NEP",129,438,NA,0,0,0,0,1,0,0,1,0,NA,0,0
"ALEXGREEN","Alex Green","RB","NYJ",129,438,NA,0,0,0,0,8,0,0,0,0,NA,0,0
"MICHAELHILL","Michael Hill","RB","GBP",129,438,NA,0,0,0,0,5,0,1,8,0,NA,0,0
"KENDALLHUNTER","Kendall Hunter","RB","SFO",129,438,NA,0,0,0,0,0,0,0,0,0,NA,0,0
"JEREMIAHJOHNSON","Jeremiah Johnson","RB","DEN",129,438,NA,0,0,0,0,0,0,0,0,0,NA,0,0
"STORMJOHNSON","Storm Johnson","RB","JAC",129,438,NA,0,0,0,0,4,0,1,6,0,NA,0,0
"HENRYJOSEY","Henry Josey","RB","PHI",129,438,NA,0,0,0,0,0,0,0,0,0,NA,0,0
"MARCUSLATTIMORE","Marcus Lattimore","RB","SFO",129,438,NA,0,0,0,0,1,0,0,0,0,NA,0,0
"ZACHLINE","Zach Line","RB","MIN",129,438,NA,0,0,0,0,0,0,0,0,0,NA,0,0
"JORDANLYNCH","Jordan Lynch","RB","CHI",129,438,NA,0,0,0,0,0,0,0,0,0,NA,0,0
"BENMALENA","Ben Malena","RB","DAL",129,438,NA,0,0,0,0,0,0,0,0,0,NA,0,0
"RAJIONNEAL","Rajion Neal","RB","GBP",129,438,NA,0,0,0,0,0,0,0,0,0,NA,0,0
"ISAIAHPEAD","Isaiah Pead","RB","STL",129,438,NA,0,0,0,0,0,0,0,0,0,NA,0,0
"TAURENPOOLE","Tauren Poole","RB","PIT",129,438,NA,0,0,0,0,27,0,1,7,0,NA,1,0
"CHASEREYNOLDS","Chase Reynolds","RB","STL",129,438,NA,0,0,0,0,0,0,1,6,0,NA,0,0
"JEREMYSTEWART","Jeremy Stewart","RB","OAK",129,438,NA,0,0,0,0,0,0,1,5,0,NA,0,0
"DEANTHONYTHOMAS","De'Anthony Thomas","RB","KCC",129,438,NA,0,0,0,0,12,0,2,12,0,NA,1,0
"CHRISTHOMPSON","Chris Thompson","RB","WAS",129,438,NA,0,0,0,0,0,0,0,0,0,NA,0,0
"JUWANTHOMPSON","Juwan Thompson","RB","DEN",129,438,NA,0,0,0,0,0,0,0,0,0,NA,0,0
"MATTHEWTUCKER","Matthew Tucker","RB","PHI",129,438,NA,0,0,0,0,0,0,0,0,0,NA,0,0
"JOSHVAUGHAN","Josh Vaughan","RB","ATL",129,438,NA,0,0,0,0,1,0,0,0,0,NA,0,0
"KERWYNNWILLIAMS","Kerwynn Williams","RB","SDC",129,438,NA,0,0,0,0,0,0,0,0,0,NA,0,0
"DAVIDWILSON","David Wilson","RB","NYG",129,438,NA,0,0,0,0,0,0,0,0,0,NA,0,0
"RONNIEWINGO","Ronnie Wingo","RB","BUF",129,438,NA,0,0,0,0,1,0,0,0,0,NA,0,0
"CIERREWOOD","Cierre Wood","RB","BAL",129,438,NA,0,0,0,0,4,0,0,0,0,NA,0,0
"GARRETTCELEK","Garrett Celek","TE","SFO",85,438,NA,0,0,0,0,0,0,1,3,0,NA,0,0
"DANIELFELLS","Daniel Fells","TE","NYG",85,438,NA,0,0,0,0,0,0,0,4,0,NA,0,0
"CROCKETTGILLMORE","Crockett Gillmore","TE","BAL",85,438,NA,0,0,0,0,0,0,0,0,0,NA,0,0
"NICKKASA","Nick Kasa","TE","OAK",85,438,NA,0,0,0,0,0,0,0,0,0,NA,0,0
"COLTLYERLA","Colt Lyerla","TE","GBP",85,438,NA,0,0,0,0,0,0,0,0,0,NA,0,0
"MATTHEWMULLIGAN","Matthew Mulligan","TE","CHI",85,438,NA,0,0,0,0,0,0,0,0,0,NA,0,0
"BRANDONWILLIAMS","Brandon Williams","TE","CAR",85,438,NA,0,0,0,0,0,0,0,0,0,NA,0,0
"DJWILLIAMS","D.J. Williams","TE","NEP",85,438,NA,0,0,0,0,0,0,0,0,0,NA,0,0
"SEYIAJIROTUTU","Seyi Ajirotutu","WR","SDC",166,438,NA,0,0,0,0,0,0,0,2,0,NA,0,0
"JUSTINBROWN","Justin Brown","WR","PIT",166,438,NA,0,0,0,0,0,0,0,0,0,NA,0,0
"JOSHGORDON","Josh Gordon","WR","CLE",166,438,NA,0,0,0,0,0,0,0,0,0,NA,0,0
"COBIHAMILTON","Cobi Hamilton","WR","CIN",166,438,NA,0,0,0,0,0,0,0,0,0,NA,0,0
"CHRISHARPER","Chris Harper","WR","GBP",166,438,NA,0,0,0,0,0,0,0,0,0,NA,0,0
"DEVINHESTER","Devin Hester","WR","ATL",166,438,NA,0,0,0,0,1,0,0,0,0,NA,0,0
"LESTARJEAN","Lestar Jean","WR","MIN",166,438,NA,0,0,0,0,0,0,0,0,0,NA,0,0
"TJJONES","T.J. Jones","WR","DET",166,438,NA,0,0,0,0,0,0,0,0,0,NA,0,0
"TAVARRESKING","Tavarres King","WR","CAR",166,438,NA,0,0,0,0,0,0,0,0,0,NA,0,0
"JORDANNORWOOD","Jordan Norwood","WR","DEN",166,438,NA,0,0,0,0,0,0,0,0,0,NA,0,0
"TOBAISPALMER","Tobais Palmer","WR","NOS",166,438,NA,0,0,0,0,0,0,0,0,0,NA,0,0
"KEALOHAPILARES","Kealoha Pilares","WR","CAR",166,438,NA,0,0,0,0,0,0,0,0,0,NA,0,0
"BRADSMITH","Brad Smith","WR","PHI",166,438,NA,0,0,0,0,2,0,0,0,0,NA,0,0
"SHAUNHILL","Shaun Hill","QB","STL",87,519,NA,1,21,0,1,0,0,0,0,0,NA,0,-1
"RYANLINDLEY","Ryan Lindley","QB","ARI",87,519,NA,9,67,0,1,1,0,0,0,0,NA,1,-1
"CURTISPAINTER","Curtis Painter","QB","NYG",87,519,NA,3,21,0,1,0,0,0,0,0,NA,0,-1
"ERICPAGE","Eric Page","WR","TBB",179,519,NA,0,0,0,0,5,0,2,30,0,NA,2,-1
"MATTSIMMS","Matt Simms","QB","NYJ",90,523,NA,5,42,0,1,1,0,0,0,0,NA,1,-2
"JEREMYEBERT","Jeremy Ebert","WR","ATL",180,523,NA,0,0,0,0,0,0,1,4,0,NA,1,-2
"TRINDONHOLLIDAY","Trindon Holliday","WR","NYG",180,523,NA,0,0,0,0,0,0,0,0,0,NA,1,-2
"MARIOMANNINGHAM","Mario Manningham","WR","NYG",180,523,NA,0,0,0,0,0,0,2,8,0,NA,1,-2
"MARCMARIANI","Marc Mariani","WR","TEN",180,523,NA,0,0,0,0,0,0,2,7,0,NA,1,-2
